Material / SKU ID,Material description,Business Unit,SKU Category,SKU Importance,Site ID,Category,Safety Stock (SS),Maximum Stock (Max),Replenishment / transportation lead time,Current on-hand inventory quantity,Safety Stock (Days),Cycle Stock (Units),Cycle Stock (Days),Maximum Stock (Days),Week,Week_Index,Forecast quantity,Confirmed supply quantities,Planned supply quantities,Supply status,Site,Factory ID,Site Description,Location,Region,Lat,Long,Latitude,Longitude,Unit Price
SKU_0001,Medical Device for SKU_0001,MDS,B,2,DC1,Medical Devices & Diagnostics,264,558,2,316,28,132,14,59,Week_1,1,66,0,146,None,DC,F1,Northeast Regional DC - New York,New York,Northeast,40.7128,-74.006,40.7128,-74.006,28.22
SKU_0001,Medical Device for SKU_0001,MDS,B,2,DC1,Medical Devices & Diagnostics,264,558,2,316,28,132,14,59,Week_2,2,47,105,0,Confirmed,DC,F1,Northeast Regional DC - New York,New York,Northeast,40.7128,-74.006,40.7128,-74.006,28.22
SKU_0001,Medical Device for SKU_0001,MDS,B,2,DC1,Medical Devices & Diagnostics,264,558,2,316,28,132,14,59,Week_3,3,58,166,0,Confirmed,DC,F1,Northeast Regional DC - New York,New York,Northeast,40.7128,-74.006,40.7128,-74.006,28.22
SKU_0001,Medical Device for SKU_0001,MDS,B,2,DC1,Medical Devices & Diagnostics,264,558,2,316,28,132,14,59,Week_4,4,78,0,131,None,DC,F1,Northeast Regional DC - New York,New York,Northeast,40.7128,-74.006,40.7128,-74.006,28.22
SKU_0001,Medical Device for SKU_0001,MDS,B,2,DC1,Medical Devices & Diagnostics,264,558,2,316,28,132,14,59,Week_5,5,76,401,0,Confirmed,DC,F1,Northeast Regional DC - New York,New York,Northeast,40.7128,-74.006,40.7128,-74.006,28.22
SKU_0001,Medical Device for SKU_0001,MDS,B,2,DC1,Medical Devices & Diagnostics,264,558,2,316,28,132,14,59,Week_6,6,49,0,193,None,DC,F1,Northeast Regional DC - New York,New York,Northeast,40.7128,-74.006,40.7128,-74.006,28.22
SKU_0001,Medical Device for SKU_0001,MDS,B,2,DC1,Medical Devices & Diagnostics,264,558,2,316,28,132,14,59,Week_7,7,68,0,91,None,DC,F1,Northeast Regional DC - New York,New York,Northeast,40.7128,-74.006,40.7128,-74.006,28.22
SKU_0001,Medical Device for SKU_0001,MDS,B,2,DC1,Medical Devices & Diagnostics,264,558,2,316,28,132,14,59,Week_8,8,77,131,0,Confirmed,DC,F1,Northeast Regional DC - New York,New York,Northeast,40.7128,-74.006,40.7128,-74.006,28.22
SKU_0001,Medical Device for SKU_0001,MDS,B,2,DC1,Medical Devices & Diagnostics,264,558,2,316,28,132,14,59,Week_9,9,46,0,0,None,DC,F1,Northeast Regional DC - New York,New York,Northeast,40.7128,-74.006,40.7128,-74.006,28.22
SKU_0001,Medical Device for SKU_0001,MDS,B,2,DC1,Medical Devices & Diagnostics,264,558,2,316,28,132,14,59,Week_10,10,56,407,0,Confirmed,DC,F1,Northeast Regional DC - New York,New York,Northeast,40.7128,-74.006,40.7128,-74.006,28.22
SKU_0001,Medical Device for SKU_0001,MDS,B,2,DC1,Medical Devices & Diagnostics,264,558,2,316,28,132,14,59,Week_11,11,70,196,0,Confirmed,DC,F1,Northeast Regional DC - New York,New York,Northeast,40.7128,-74.006,40.7128,-74.006,28.22
SKU_0001,Medical Device for SKU_0001,MDS,B,2,DC1,Medical Devices & Diagnostics,264,558,2,316,28,132,14,59,Week_12,12,60,0,66,None,DC,F1,Northeast Regional DC - New York,New York,Northeast,40.7128,-74.006,40.7128,-74.006,28.22
SKU_0001,Medical Device for SKU_0001,MDS,B,2,DC2,Medical Devices & Diagnostics,180,367,3,275,28,135,21,57,Week_1,1,50,0,0,None,DC,F1,West Coast Distribution Center - LA,Los Angeles,West,34.0522,-118.2437,34.0522,-118.2437,17.43
SKU_0001,Medical Device for SKU_0001,MDS,B,2,DC2,Medical Devices & Diagnostics,180,367,3,275,28,135,21,57,Week_2,2,52,91,0,Confirmed,DC,F1,West Coast Distribution Center - LA,Los Angeles,West,34.0522,-118.2437,34.0522,-118.2437,17.43
SKU_0001,Medical Device for SKU_0001,MDS,B,2,DC2,Medical Devices & Diagnostics,180,367,3,275,28,135,21,57,Week_3,3,31,88,0,Confirmed,DC,F1,West Coast Distribution Center - LA,Los Angeles,West,34.0522,-118.2437,34.0522,-118.2437,17.43
SKU_0001,Medical Device for SKU_0001,MDS,B,2,DC2,Medical Devices & Diagnostics,180,367,3,275,28,135,21,57,Week_4,4,54,311,0,Confirmed,DC,F1,West Coast Distribution Center - LA,Los Angeles,West,34.0522,-118.2437,34.0522,-118.2437,17.43
SKU_0001,Medical Device for SKU_0001,MDS,B,2,DC2,Medical Devices & Diagnostics,180,367,3,275,28,135,21,57,Week_5,5,52,0,109,None,DC,F1,West Coast Distribution Center - LA,Los Angeles,West,34.0522,-118.2437,34.0522,-118.2437,17.43
SKU_0001,Medical Device for SKU_0001,MDS,B,2,DC2,Medical Devices & Diagnostics,180,367,3,275,28,135,21,57,Week_6,6,47,0,0,None,DC,F1,West Coast Distribution Center - LA,Los Angeles,West,34.0522,-118.2437,34.0522,-118.2437,17.43
SKU_0001,Medical Device for SKU_0001,MDS,B,2,DC2,Medical Devices & Diagnostics,180,367,3,275,28,135,21,57,Week_7,7,44,0,0,None,DC,F1,West Coast Distribution Center - LA,Los Angeles,West,34.0522,-118.2437,34.0522,-118.2437,17.43
SKU_0001,Medical Device for SKU_0001,MDS,B,2,DC2,Medical Devices & Diagnostics,180,367,3,275,28,135,21,57,Week_8,8,59,74,0,Confirmed,DC,F1,West Coast Distribution Center - LA,Los Angeles,West,34.0522,-118.2437,34.0522,-118.2437,17.43
SKU_0001,Medical Device for SKU_0001,MDS,B,2,DC2,Medical Devices & Diagnostics,180,367,3,275,28,135,21,57,Week_9,9,45,271,0,Confirmed,DC,F1,West Coast Distribution Center - LA,Los Angeles,West,34.0522,-118.2437,34.0522,-118.2437,17.43
SKU_0001,Medical Device for SKU_0001,MDS,B,2,DC2,Medical Devices & Diagnostics,180,367,3,275,28,135,21,57,Week_10,10,42,0,81,None,DC,F1,West Coast Distribution Center - LA,Los Angeles,West,34.0522,-118.2437,34.0522,-118.2437,17.43
SKU_0001,Medical Device for SKU_0001,MDS,B,2,DC2,Medical Devices & Diagnostics,180,367,3,275,28,135,21,57,Week_11,11,37,87,0,Confirmed,DC,F1,West Coast Distribution Center - LA,Los Angeles,West,34.0522,-118.2437,34.0522,-118.2437,17.43
SKU_0001,Medical Device for SKU_0001,MDS,B,2,DC2,Medical Devices & Diagnostics,180,367,3,275,28,135,21,57,Week_12,12,51,130,0,Confirmed,DC,F1,West Coast Distribution Center - LA,Los Angeles,West,34.0522,-118.2437,34.0522,-118.2437,17.43
SKU_0001,Medical Device for SKU_0001,MDS,B,2,DC3,Medical Devices & Diagnostics,435,1028,2,535,28,218,14,66,Week_1,1,119,0,0,None,DC,F1,South Central Logistics Hub - Dallas,Dallas,South,32.7767,-96.797,32.7767,-96.797,26.75
SKU_0001,Medical Device for SKU_0001,MDS,B,2,DC3,Medical Devices & Diagnostics,435,1028,2,535,28,218,14,66,Week_2,2,133,308,0,Confirmed,DC,F1,South Central Logistics Hub - Dallas,Dallas,South,32.7767,-96.797,32.7767,-96.797,26.75
SKU_0001,Medical Device for SKU_0001,MDS,B,2,DC3,Medical Devices & Diagnostics,435,1028,2,535,28,218,14,66,Week_3,3,138,0,0,None,DC,F1,South Central Logistics Hub - Dallas,Dallas,South,32.7767,-96.797,32.7767,-96.797,26.75
SKU_0001,Medical Device for SKU_0001,MDS,B,2,DC3,Medical Devices & Diagnostics,435,1028,2,535,28,218,14,66,Week_4,4,112,200,0,Confirmed,DC,F1,South Central Logistics Hub - Dallas,Dallas,South,32.7767,-96.797,32.7767,-96.797,26.75
SKU_0001,Medical Device for SKU_0001,MDS,B,2,DC3,Medical Devices & Diagnostics,435,1028,2,535,28,218,14,66,Week_5,5,136,0,219,None,DC,F1,South Central Logistics Hub - Dallas,Dallas,South,32.7767,-96.797,32.7767,-96.797,26.75
SKU_0001,Medical Device for SKU_0001,MDS,B,2,DC3,Medical Devices & Diagnostics,435,1028,2,535,28,218,14,66,Week_6,6,102,0,134,None,DC,F1,South Central Logistics Hub - Dallas,Dallas,South,32.7767,-96.797,32.7767,-96.797,26.75
SKU_0001,Medical Device for SKU_0001,MDS,B,2,DC3,Medical Devices & Diagnostics,435,1028,2,535,28,218,14,66,Week_7,7,118,660,0,Confirmed,DC,F1,South Central Logistics Hub - Dallas,Dallas,South,32.7767,-96.797,32.7767,-96.797,26.75
SKU_0001,Medical Device for SKU_0001,MDS,B,2,DC3,Medical Devices & Diagnostics,435,1028,2,535,28,218,14,66,Week_8,8,105,0,0,None,DC,F1,South Central Logistics Hub - Dallas,Dallas,South,32.7767,-96.797,32.7767,-96.797,26.75
SKU_0001,Medical Device for SKU_0001,MDS,B,2,DC3,Medical Devices & Diagnostics,435,1028,2,535,28,218,14,66,Week_9,9,108,558,0,Confirmed,DC,F1,South Central Logistics Hub - Dallas,Dallas,South,32.7767,-96.797,32.7767,-96.797,26.75
SKU_0001,Medical Device for SKU_0001,MDS,B,2,DC3,Medical Devices & Diagnostics,435,1028,2,535,28,218,14,66,Week_10,10,72,262,0,Confirmed,DC,F1,South Central Logistics Hub - Dallas,Dallas,South,32.7767,-96.797,32.7767,-96.797,26.75
SKU_0001,Medical Device for SKU_0001,MDS,B,2,DC3,Medical Devices & Diagnostics,435,1028,2,535,28,218,14,66,Week_11,11,94,830,0,Confirmed,DC,F1,South Central Logistics Hub - Dallas,Dallas,South,32.7767,-96.797,32.7767,-96.797,26.75
SKU_0001,Medical Device for SKU_0001,MDS,B,2,DC3,Medical Devices & Diagnostics,435,1028,2,535,28,218,14,66,Week_12,12,108,186,0,Confirmed,DC,F1,South Central Logistics Hub - Dallas,Dallas,South,32.7767,-96.797,32.7767,-96.797,26.75
SKU_0001,Medical Device for SKU_0001,MDS,B,2,DC4,Medical Devices & Diagnostics,71,143,2,169,28,36,14,56,Week_1,1,18,44,0,Confirmed,DC,F1,Northwest Fulfillment Center - Seattle,Seattle,Northwest,47.6062,-122.3321,47.6062,-122.3321,16.77
SKU_0001,Medical Device for SKU_0001,MDS,B,2,DC4,Medical Devices & Diagnostics,71,143,2,169,28,36,14,56,Week_2,2,17,0,43,None,DC,F1,Northwest Fulfillment Center - Seattle,Seattle,Northwest,47.6062,-122.3321,47.6062,-122.3321,16.77
SKU_0001,Medical Device for SKU_0001,MDS,B,2,DC4,Medical Devices & Diagnostics,71,143,2,169,28,36,14,56,Week_3,3,22,0,0,None,DC,F1,Northwest Fulfillment Center - Seattle,Seattle,Northwest,47.6062,-122.3321,47.6062,-122.3321,16.77
SKU_0001,Medical Device for SKU_0001,MDS,B,2,DC4,Medical Devices & Diagnostics,71,143,2,169,28,36,14,56,Week_4,4,12,48,0,Confirmed,DC,F1,Northwest Fulfillment Center - Seattle,Seattle,Northwest,47.6062,-122.3321,47.6062,-122.3321,16.77
SKU_0001,Medical Device for SKU_0001,MDS,B,2,DC4,Medical Devices & Diagnostics,71,143,2,169,28,36,14,56,Week_5,5,14,42,0,Confirmed,DC,F1,Northwest Fulfillment Center - Seattle,Seattle,Northwest,47.6062,-122.3321,47.6062,-122.3321,16.77
SKU_0001,Medical Device for SKU_0001,MDS,B,2,DC4,Medical Devices & Diagnostics,71,143,2,169,28,36,14,56,Week_6,6,15,0,35,None,DC,F1,Northwest Fulfillment Center - Seattle,Seattle,Northwest,47.6062,-122.3321,47.6062,-122.3321,16.77
SKU_0001,Medical Device for SKU_0001,MDS,B,2,DC4,Medical Devices & Diagnostics,71,143,2,169,28,36,14,56,Week_7,7,20,45,0,Confirmed,DC,F1,Northwest Fulfillment Center - Seattle,Seattle,Northwest,47.6062,-122.3321,47.6062,-122.3321,16.77
SKU_0001,Medical Device for SKU_0001,MDS,B,2,DC4,Medical Devices & Diagnostics,71,143,2,169,28,36,14,56,Week_8,8,13,0,0,None,DC,F1,Northwest Fulfillment Center - Seattle,Seattle,Northwest,47.6062,-122.3321,47.6062,-122.3321,16.77
SKU_0001,Medical Device for SKU_0001,MDS,B,2,DC4,Medical Devices & Diagnostics,71,143,2,169,28,36,14,56,Week_9,9,16,51,0,Confirmed,DC,F1,Northwest Fulfillment Center - Seattle,Seattle,Northwest,47.6062,-122.3321,47.6062,-122.3321,16.77
SKU_0001,Medical Device for SKU_0001,MDS,B,2,DC4,Medical Devices & Diagnostics,71,143,2,169,28,36,14,56,Week_10,10,14,0,41,None,DC,F1,Northwest Fulfillment Center - Seattle,Seattle,Northwest,47.6062,-122.3321,47.6062,-122.3321,16.77
SKU_0001,Medical Device for SKU_0001,MDS,B,2,DC4,Medical Devices & Diagnostics,71,143,2,169,28,36,14,56,Week_11,11,18,0,21,None,DC,F1,Northwest Fulfillment Center - Seattle,Seattle,Northwest,47.6062,-122.3321,47.6062,-122.3321,16.77
SKU_0001,Medical Device for SKU_0001,MDS,B,2,DC4,Medical Devices & Diagnostics,71,143,2,169,28,36,14,56,Week_12,12,22,0,0,None,DC,F1,Northwest Fulfillment Center - Seattle,Seattle,Northwest,47.6062,-122.3321,47.6062,-122.3321,16.77
SKU_0001,Medical Device for SKU_0001,MDS,B,2,DC5,Medical Devices & Diagnostics,237,647,3,189,28,178,21,76,Week_1,1,42,409,0,Confirmed,DC,F1,Southeast Distribution Center - Miami,Miami,Southeast,25.7617,-80.1918,25.7617,-80.1918,14.82
SKU_0001,Medical Device for SKU_0001,MDS,B,2,DC5,Medical Devices & Diagnostics,237,647,3,189,28,178,21,76,Week_2,2,73,0,0,None,DC,F1,Southeast Distribution Center - Miami,Miami,Southeast,25.7617,-80.1918,25.7617,-80.1918,14.82
SKU_0001,Medical Device for SKU_0001,MDS,B,2,DC5,Medical Devices & Diagnostics,237,647,3,189,28,178,21,76,Week_3,3,66,103,0,Confirmed,DC,F1,Southeast Distribution Center - Miami,Miami,Southeast,25.7617,-80.1918,25.7617,-80.1918,14.82
SKU_0001,Medical Device for SKU_0001,MDS,B,2,DC5,Medical Devices & Diagnostics,237,647,3,189,28,178,21,76,Week_4,4,73,0,0,None,DC,F1,Southeast Distribution Center - Miami,Miami,Southeast,25.7617,-80.1918,25.7617,-80.1918,14.82
SKU_0001,Medical Device for SKU_0001,MDS,B,2,DC5,Medical Devices & Diagnostics,237,647,3,189,28,178,21,76,Week_5,5,61,0,0,None,DC,F1,Southeast Distribution Center - Miami,Miami,Southeast,25.7617,-80.1918,25.7617,-80.1918,14.82
SKU_0001,Medical Device for SKU_0001,MDS,B,2,DC5,Medical Devices & Diagnostics,237,647,3,189,28,178,21,76,Week_6,6,44,152,0,Confirmed,DC,F1,Southeast Distribution Center - Miami,Miami,Southeast,25.7617,-80.1918,25.7617,-80.1918,14.82
SKU_0001,Medical Device for SKU_0001,MDS,B,2,DC5,Medical Devices & Diagnostics,237,647,3,189,28,178,21,76,Week_7,7,50,0,0,None,DC,F1,Southeast Distribution Center - Miami,Miami,Southeast,25.7617,-80.1918,25.7617,-80.1918,14.82
SKU_0001,Medical Device for SKU_0001,MDS,B,2,DC5,Medical Devices & Diagnostics,237,647,3,189,28,178,21,76,Week_8,8,45,0,0,None,DC,F1,Southeast Distribution Center - Miami,Miami,Southeast,25.7617,-80.1918,25.7617,-80.1918,14.82
SKU_0001,Medical Device for SKU_0001,MDS,B,2,DC5,Medical Devices & Diagnostics,237,647,3,189,28,178,21,76,Week_9,9,48,0,88,None,DC,F1,Southeast Distribution Center - Miami,Miami,Southeast,25.7617,-80.1918,25.7617,-80.1918,14.82
SKU_0001,Medical Device for SKU_0001,MDS,B,2,DC5,Medical Devices & Diagnostics,237,647,3,189,28,178,21,76,Week_10,10,60,0,0,None,DC,F1,Southeast Distribution Center - Miami,Miami,Southeast,25.7617,-80.1918,25.7617,-80.1918,14.82
SKU_0001,Medical Device for SKU_0001,MDS,B,2,DC5,Medical Devices & Diagnostics,237,647,3,189,28,178,21,76,Week_11,11,62,0,0,None,DC,F1,Southeast Distribution Center - Miami,Miami,Southeast,25.7617,-80.1918,25.7617,-80.1918,14.82
SKU_0001,Medical Device for SKU_0001,MDS,B,2,DC5,Medical Devices & Diagnostics,237,647,3,189,28,178,21,76,Week_12,12,69,0,0,None,DC,F1,Southeast Distribution Center - Miami,Miami,Southeast,25.7617,-80.1918,25.7617,-80.1918,14.82
SKU_0001,Medical Device for SKU_0001,MDS,B,2,F1,Medical Devices & Diagnostics,1187,2743,4,1481,28,1187,28,65,Week_1,1,504,889,0,Confirmed,Factory,F1,Midwest Manufacturing Hub - Detroit,Detroit,Midwest,42.3314,-83.0458,42.3314,-83.0458,29.55
SKU_0001,Medical Device for SKU_0001,MDS,B,2,F1,Medical Devices & Diagnostics,1187,2743,4,1481,28,1187,28,65,Week_2,2,357,0,0,None,Factory,F1,Midwest Manufacturing Hub - Detroit,Detroit,Midwest,42.3314,-83.0458,42.3314,-83.0458,29.55
SKU_0001,Medical Device for SKU_0001,MDS,B,2,F1,Medical Devices & Diagnostics,1187,2743,4,1481,28,1187,28,65,Week_3,3,559,1183,0,Confirmed,Factory,F1,Midwest Manufacturing Hub - Detroit,Detroit,Midwest,42.3314,-83.0458,42.3314,-83.0458,29.55
SKU_0001,Medical Device for SKU_0001,MDS,B,2,F1,Medical Devices & Diagnostics,1187,2743,4,1481,28,1187,28,65,Week_4,4,443,2112,0,Confirmed,Factory,F1,Midwest Manufacturing Hub - Detroit,Detroit,Midwest,42.3314,-83.0458,42.3314,-83.0458,29.55
SKU_0001,Medical Device for SKU_0001,MDS,B,2,F1,Medical Devices & Diagnostics,1187,2743,4,1481,28,1187,28,65,Week_5,5,152,0,0,None,Factory,F1,Midwest Manufacturing Hub - Detroit,Detroit,Midwest,42.3314,-83.0458,42.3314,-83.0458,29.55
SKU_0001,Medical Device for SKU_0001,MDS,B,2,F1,Medical Devices & Diagnostics,1187,2743,4,1481,28,1187,28,65,Week_6,6,705,0,0,None,Factory,F1,Midwest Manufacturing Hub - Detroit,Detroit,Midwest,42.3314,-83.0458,42.3314,-83.0458,29.55
SKU_0001,Medical Device for SKU_0001,MDS,B,2,F1,Medical Devices & Diagnostics,1187,2743,4,1481,28,1187,28,65,Week_7,7,205,0,0,None,Factory,F1,Midwest Manufacturing Hub - Detroit,Detroit,Midwest,42.3314,-83.0458,42.3314,-83.0458,29.55
SKU_0001,Medical Device for SKU_0001,MDS,B,2,F1,Medical Devices & Diagnostics,1187,2743,4,1481,28,1187,28,65,Week_8,8,880,0,478,None,Factory,F1,Midwest Manufacturing Hub - Detroit,Detroit,Midwest,42.3314,-83.0458,42.3314,-83.0458,29.55
SKU_0001,Medical Device for SKU_0001,MDS,B,2,F1,Medical Devices & Diagnostics,1187,2743,4,1481,28,1187,28,65,Week_9,9,669,752,0,Confirmed,Factory,F1,Midwest Manufacturing Hub - Detroit,Detroit,Midwest,42.3314,-83.0458,42.3314,-83.0458,29.55
SKU_0001,Medical Device for SKU_0001,MDS,B,2,F1,Medical Devices & Diagnostics,1187,2743,4,1481,28,1187,28,65,Week_10,10,1113,2222,0,Confirmed,Factory,F1,Midwest Manufacturing Hub - Detroit,Detroit,Midwest,42.3314,-83.0458,42.3314,-83.0458,29.55
SKU_0001,Medical Device for SKU_0001,MDS,B,2,F1,Medical Devices & Diagnostics,1187,2743,4,1481,28,1187,28,65,Week_11,11,316,1094,0,Confirmed,Factory,F1,Midwest Manufacturing Hub - Detroit,Detroit,Midwest,42.3314,-83.0458,42.3314,-83.0458,29.55
SKU_0001,Medical Device for SKU_0001,MDS,B,2,F1,Medical Devices & Diagnostics,1187,2743,4,1481,28,1187,28,65,Week_12,12,0,0,420,None,Factory,F1,Midwest Manufacturing Hub - Detroit,Detroit,Midwest,42.3314,-83.0458,42.3314,-83.0458,29.55
SKU_0002,Medical Device for SKU_0002,MDS,C,1,DC1,Medical Devices & Diagnostics,480,1910,3,385,28,360,21,111,Week_1,1,82,0,0,None,DC,F1,Northeast Regional DC - New York,New York,Northeast,40.7128,-74.006,40.7128,-74.006,19.78
SKU_0002,Medical Device for SKU_0002,MDS,C,1,DC1,Medical Devices & Diagnostics,480,1910,3,385,28,360,21,111,Week_2,2,168,356,0,Confirmed,DC,F1,Northeast Regional DC - New York,New York,Northeast,40.7128,-74.006,40.7128,-74.006,19.78
SKU_0002,Medical Device for SKU_0002,MDS,C,1,DC1,Medical Devices & Diagnostics,480,1910,3,385,28,360,21,111,Week_3,3,123,498,0,Confirmed,DC,F1,Northeast Regional DC - New York,New York,Northeast,40.7128,-74.006,40.7128,-74.006,19.78
SKU_0002,Medical Device for SKU_0002,MDS,C,1,DC1,Medical Devices & Diagnostics,480,1910,3,385,28,360,21,111,Week_4,4,123,737,0,Confirmed,DC,F1,Northeast Regional DC - New York,New York,Northeast,40.7128,-74.006,40.7128,-74.006,19.78
SKU_0002,Medical Device for SKU_0002,MDS,C,1,DC1,Medical Devices & Diagnostics,480,1910,3,385,28,360,21,111,Week_5,5,143,943,0,Confirmed,DC,F1,Northeast Regional DC - New York,New York,Northeast,40.7128,-74.006,40.7128,-74.006,19.78
SKU_0002,Medical Device for SKU_0002,MDS,C,1,DC1,Medical Devices & Diagnostics,480,1910,3,385,28,360,21,111,Week_6,6,107,0,0,None,DC,F1,Northeast Regional DC - New York,New York,Northeast,40.7128,-74.006,40.7128,-74.006,19.78
SKU_0002,Medical Device for SKU_0002,MDS,C,1,DC1,Medical Devices & Diagnostics,480,1910,3,385,28,360,21,111,Week_7,7,111,0,151,None,DC,F1,Northeast Regional DC - New York,New York,Northeast,40.7128,-74.006,40.7128,-74.006,19.78
SKU_0002,Medical Device for SKU_0002,MDS,C,1,DC1,Medical Devices & Diagnostics,480,1910,3,385,28,360,21,111,Week_8,8,89,0,0,None,DC,F1,Northeast Regional DC - New York,New York,Northeast,40.7128,-74.006,40.7128,-74.006,19.78
SKU_0002,Medical Device for SKU_0002,MDS,C,1,DC1,Medical Devices & Diagnostics,480,1910,3,385,28,360,21,111,Week_9,9,117,0,0,None,DC,F1,Northeast Regional DC - New York,New York,Northeast,40.7128,-74.006,40.7128,-74.006,19.78
SKU_0002,Medical Device for SKU_0002,MDS,C,1,DC1,Medical Devices & Diagnostics,480,1910,3,385,28,360,21,111,Week_10,10,108,568,0,Confirmed,DC,F1,Northeast Regional DC - New York,New York,Northeast,40.7128,-74.006,40.7128,-74.006,19.78
SKU_0002,Medical Device for SKU_0002,MDS,C,1,DC1,Medical Devices & Diagnostics,480,1910,3,385,28,360,21,111,Week_11,11,116,0,339,None,DC,F1,Northeast Regional DC - New York,New York,Northeast,40.7128,-74.006,40.7128,-74.006,19.78
SKU_0002,Medical Device for SKU_0002,MDS,C,1,DC1,Medical Devices & Diagnostics,480,1910,3,385,28,360,21,111,Week_12,12,100,0,142,None,DC,F1,Northeast Regional DC - New York,New York,Northeast,40.7128,-74.006,40.7128,-74.006,19.78
SKU_0002,Medical Device for SKU_0002,MDS,C,1,DC2,Medical Devices & Diagnostics,322,1190,2,658,28,161,14,103,Week_1,1,84,0,0,None,DC,F1,West Coast Distribution Center - LA,Los Angeles,West,34.0522,-118.2437,34.0522,-118.2437,27.71
SKU_0002,Medical Device for SKU_0002,MDS,C,1,DC2,Medical Devices & Diagnostics,322,1190,2,658,28,161,14,103,Week_2,2,116,0,171,None,DC,F1,West Coast Distribution Center - LA,Los Angeles,West,34.0522,-118.2437,34.0522,-118.2437,27.71
SKU_0002,Medical Device for SKU_0002,MDS,C,1,DC2,Medical Devices & Diagnostics,322,1190,2,658,28,161,14,103,Week_3,3,69,158,0,Confirmed,DC,F1,West Coast Distribution Center - LA,Los Angeles,West,34.0522,-118.2437,34.0522,-118.2437,27.71
SKU_0002,Medical Device for SKU_0002,MDS,C,1,DC2,Medical Devices & Diagnostics,322,1190,2,658,28,161,14,103,Week_4,4,76,0,83,None,DC,F1,West Coast Distribution Center - LA,Los Angeles,West,34.0522,-118.2437,34.0522,-118.2437,27.71
SKU_0002,Medical Device for SKU_0002,MDS,C,1,DC2,Medical Devices & Diagnostics,322,1190,2,658,28,161,14,103,Week_5,5,91,471,0,Confirmed,DC,F1,West Coast Distribution Center - LA,Los Angeles,West,34.0522,-118.2437,34.0522,-118.2437,27.71
SKU_0002,Medical Device for SKU_0002,MDS,C,1,DC2,Medical Devices & Diagnostics,322,1190,2,658,28,161,14,103,Week_6,6,90,0,233,None,DC,F1,West Coast Distribution Center - LA,Los Angeles,West,34.0522,-118.2437,34.0522,-118.2437,27.71
SKU_0002,Medical Device for SKU_0002,MDS,C,1,DC2,Medical Devices & Diagnostics,322,1190,2,658,28,161,14,103,Week_7,7,75,233,0,Confirmed,DC,F1,West Coast Distribution Center - LA,Los Angeles,West,34.0522,-118.2437,34.0522,-118.2437,27.71
SKU_0002,Medical Device for SKU_0002,MDS,C,1,DC2,Medical Devices & Diagnostics,322,1190,2,658,28,161,14,103,Week_8,8,88,0,0,None,DC,F1,West Coast Distribution Center - LA,Los Angeles,West,34.0522,-118.2437,34.0522,-118.2437,27.71
SKU_0002,Medical Device for SKU_0002,MDS,C,1,DC2,Medical Devices & Diagnostics,322,1190,2,658,28,161,14,103,Week_9,9,96,0,0,None,DC,F1,West Coast Distribution Center - LA,Los Angeles,West,34.0522,-118.2437,34.0522,-118.2437,27.71
SKU_0002,Medical Device for SKU_0002,MDS,C,1,DC2,Medical Devices & Diagnostics,322,1190,2,658,28,161,14,103,Week_10,10,105,0,0,None,DC,F1,West Coast Distribution Center - LA,Los Angeles,West,34.0522,-118.2437,34.0522,-118.2437,27.71
SKU_0002,Medical Device for SKU_0002,MDS,C,1,DC2,Medical Devices & Diagnostics,322,1190,2,658,28,161,14,103,Week_11,11,90,0,211,None,DC,F1,West Coast Distribution Center - LA,Los Angeles,West,34.0522,-118.2437,34.0522,-118.2437,27.71
SKU_0002,Medical Device for SKU_0002,MDS,C,1,DC2,Medical Devices & Diagnostics,322,1190,2,658,28,161,14,103,Week_12,12,97,0,0,None,DC,F1,West Coast Distribution Center - LA,Los Angeles,West,34.0522,-118.2437,34.0522,-118.2437,27.71
SKU_0002,Medical Device for SKU_0002,MDS,C,1,DC3,Medical Devices & Diagnostics,88,227,4,253,28,88,28,72,Week_1,1,24,42,0,Confirmed,DC,F1,South Central Logistics Hub - Dallas,Dallas,South,32.7767,-96.797,32.7767,-96.797,23.0
SKU_0002,Medical Device for SKU_0002,MDS,C,1,DC3,Medical Devices & Diagnostics,88,227,4,253,28,88,28,72,Week_2,2,26,45,0,Confirmed,DC,F1,South Central Logistics Hub - Dallas,Dallas,South,32.7767,-96.797,32.7767,-96.797,23.0
SKU_0002,Medical Device for SKU_0002,MDS,C,1,DC3,Medical Devices & Diagnostics,88,227,4,253,28,88,28,72,Week_3,3,22,145,0,Confirmed,DC,F1,South Central Logistics Hub - Dallas,Dallas,South,32.7767,-96.797,32.7767,-96.797,23.0
SKU_0002,Medical Device for SKU_0002,MDS,C,1,DC3,Medical Devices & Diagnostics,88,227,4,253,28,88,28,72,Week_4,4,20,0,0,None,DC,F1,South Central Logistics Hub - Dallas,Dallas,South,32.7767,-96.797,32.7767,-96.797,23.0
SKU_0002,Medical Device for SKU_0002,MDS,C,1,DC3,Medical Devices & Diagnostics,88,227,4,253,28,88,28,72,Week_5,5,16,0,0,None,DC,F1,South Central Logistics Hub - Dallas,Dallas,South,32.7767,-96.797,32.7767,-96.797,23.0
SKU_0002,Medical Device for SKU_0002,MDS,C,1,DC3,Medical Devices & Diagnostics,88,227,4,253,28,88,28,72,Week_6,6,18,170,0,Confirmed,DC,F1,South Central Logistics Hub - Dallas,Dallas,South,32.7767,-96.797,32.7767,-96.797,23.0
SKU_0002,Medical Device for SKU_0002,MDS,C,1,DC3,Medical Devices & Diagnostics,88,227,4,253,28,88,28,72,Week_7,7,21,0,0,None,DC,F1,South Central Logistics Hub - Dallas,Dallas,South,32.7767,-96.797,32.7767,-96.797,23.0
SKU_0002,Medical Device for SKU_0002,MDS,C,1,DC3,Medical Devices & Diagnostics,88,227,4,253,28,88,28,72,Week_8,8,19,0,0,None,DC,F1,South Central Logistics Hub - Dallas,Dallas,South,32.7767,-96.797,32.7767,-96.797,23.0
SKU_0002,Medical Device for SKU_0002,MDS,C,1,DC3,Medical Devices & Diagnostics,88,227,4,253,28,88,28,72,Week_9,9,29,41,0,Confirmed,DC,F1,South Central Logistics Hub - Dallas,Dallas,South,32.7767,-96.797,32.7767,-96.797,23.0
SKU_0002,Medical Device for SKU_0002,MDS,C,1,DC3,Medical Devices & Diagnostics,88,227,4,253,28,88,28,72,Week_10,10,24,0,0,None,DC,F1,South Central Logistics Hub - Dallas,Dallas,South,32.7767,-96.797,32.7767,-96.797,23.0
SKU_0002,Medical Device for SKU_0002,MDS,C,1,DC3,Medical Devices & Diagnostics,88,227,4,253,28,88,28,72,Week_11,11,15,0,0,None,DC,F1,South Central Logistics Hub - Dallas,Dallas,South,32.7767,-96.797,32.7767,-96.797,23.0
SKU_0002,Medical Device for SKU_0002,MDS,C,1,DC3,Medical Devices & Diagnostics,88,227,4,253,28,88,28,72,Week_12,12,23,45,0,Confirmed,DC,F1,South Central Logistics Hub - Dallas,Dallas,South,32.7767,-96.797,32.7767,-96.797,23.0
SKU_0002,Medical Device for SKU_0002,MDS,C,1,DC4,Medical Devices & Diagnostics,458,1476,3,35,28,344,21,90,Week_1,1,107,0,137,None,DC,F1,Northwest Fulfillment Center - Seattle,Seattle,Northwest,47.6062,-122.3321,47.6062,-122.3321,39.53
SKU_0002,Medical Device for SKU_0002,MDS,C,1,DC4,Medical Devices & Diagnostics,458,1476,3,35,28,344,21,90,Week_2,2,189,336,0,Confirmed,DC,F1,Northwest Fulfillment Center - Seattle,Seattle,Northwest,47.6062,-122.3321,47.6062,-122.3321,39.53
SKU_0002,Medical Device for SKU_0002,MDS,C,1,DC4,Medical Devices & Diagnostics,458,1476,3,35,28,344,21,90,Week_3,3,105,0,0,None,DC,F1,Northwest Fulfillment Center - Seattle,Seattle,Northwest,47.6062,-122.3321,47.6062,-122.3321,39.53
SKU_0002,Medical Device for SKU_0002,MDS,C,1,DC4,Medical Devices & Diagnostics,458,1476,3,35,28,344,21,90,Week_4,4,137,0,0,None,DC,F1,Northwest Fulfillment Center - Seattle,Seattle,Northwest,47.6062,-122.3321,47.6062,-122.3321,39.53
SKU_0002,Medical Device for SKU_0002,MDS,C,1,DC4,Medical Devices & Diagnostics,458,1476,3,35,28,344,21,90,Week_5,5,140,334,0,Confirmed,DC,F1,Northwest Fulfillment Center - Seattle,Seattle,Northwest,47.6062,-122.3321,47.6062,-122.3321,39.53
SKU_0002,Medical Device for SKU_0002,MDS,C,1,DC4,Medical Devices & Diagnostics,458,1476,3,35,28,344,21,90,Week_6,6,163,0,327,None,DC,F1,Northwest Fulfillment Center - Seattle,Seattle,Northwest,47.6062,-122.3321,47.6062,-122.3321,39.53
SKU_0002,Medical Device for SKU_0002,MDS,C,1,DC4,Medical Devices & Diagnostics,458,1476,3,35,28,344,21,90,Week_7,7,156,0,0,None,DC,F1,Northwest Fulfillment Center - Seattle,Seattle,Northwest,47.6062,-122.3321,47.6062,-122.3321,39.53
SKU_0002,Medical Device for SKU_0002,MDS,C,1,DC4,Medical Devices & Diagnostics,458,1476,3,35,28,344,21,90,Week_8,8,123,0,0,None,DC,F1,Northwest Fulfillment Center - Seattle,Seattle,Northwest,47.6062,-122.3321,47.6062,-122.3321,39.53
SKU_0002,Medical Device for SKU_0002,MDS,C,1,DC4,Medical Devices & Diagnostics,458,1476,3,35,28,344,21,90,Week_9,9,108,239,0,Confirmed,DC,F1,Northwest Fulfillment Center - Seattle,Seattle,Northwest,47.6062,-122.3321,47.6062,-122.3321,39.53
SKU_0002,Medical Device for SKU_0002,MDS,C,1,DC4,Medical Devices & Diagnostics,458,1476,3,35,28,344,21,90,Week_10,10,141,0,232,None,DC,F1,Northwest Fulfillment Center - Seattle,Seattle,Northwest,47.6062,-122.3321,47.6062,-122.3321,39.53
SKU_0002,Medical Device for SKU_0002,MDS,C,1,DC4,Medical Devices & Diagnostics,458,1476,3,35,28,344,21,90,Week_11,11,124,0,0,None,DC,F1,Northwest Fulfillment Center - Seattle,Seattle,Northwest,47.6062,-122.3321,47.6062,-122.3321,39.53
SKU_0002,Medical Device for SKU_0002,MDS,C,1,DC4,Medical Devices & Diagnostics,458,1476,3,35,28,344,21,90,Week_12,12,81,327,0,Confirmed,DC,F1,Northwest Fulfillment Center - Seattle,Seattle,Northwest,47.6062,-122.3321,47.6062,-122.3321,39.53
SKU_0002,Medical Device for SKU_0002,MDS,C,1,DC5,Medical Devices & Diagnostics,222,530,3,408,28,166,21,67,Week_1,1,36,0,0,None,DC,F1,Southeast Distribution Center - Miami,Miami,Southeast,25.7617,-80.1918,25.7617,-80.1918,14.49
SKU_0002,Medical Device for SKU_0002,MDS,C,1,DC5,Medical Devices & Diagnostics,222,530,3,408,28,166,21,67,Week_2,2,67,0,0,None,DC,F1,Southeast Distribution Center - Miami,Miami,Southeast,25.7617,-80.1918,25.7617,-80.1918,14.49
SKU_0002,Medical Device for SKU_0002,MDS,C,1,DC5,Medical Devices & Diagnostics,222,530,3,408,28,166,21,67,Week_3,3,46,0,100,None,DC,F1,Southeast Distribution Center - Miami,Miami,Southeast,25.7617,-80.1918,25.7617,-80.1918,14.49
SKU_0002,Medical Device for SKU_0002,MDS,C,1,DC5,Medical Devices & Diagnostics,222,530,3,408,28,166,21,67,Week_4,4,42,0,0,None,DC,F1,Southeast Distribution Center - Miami,Miami,Southeast,25.7617,-80.1918,25.7617,-80.1918,14.49
SKU_0002,Medical Device for SKU_0002,MDS,C,1,DC5,Medical Devices & Diagnostics,222,530,3,408,28,166,21,67,Week_5,5,62,0,0,None,DC,F1,Southeast Distribution Center - Miami,Miami,Southeast,25.7617,-80.1918,25.7617,-80.1918,14.49
SKU_0002,Medical Device for SKU_0002,MDS,C,1,DC5,Medical Devices & Diagnostics,222,530,3,408,28,166,21,67,Week_6,6,61,116,0,Confirmed,DC,F1,Southeast Distribution Center - Miami,Miami,Southeast,25.7617,-80.1918,25.7617,-80.1918,14.49
SKU_0002,Medical Device for SKU_0002,MDS,C,1,DC5,Medical Devices & Diagnostics,222,530,3,408,28,166,21,67,Week_7,7,46,0,0,None,DC,F1,Southeast Distribution Center - Miami,Miami,Southeast,25.7617,-80.1918,25.7617,-80.1918,14.49
SKU_0002,Medical Device for SKU_0002,MDS,C,1,DC5,Medical Devices & Diagnostics,222,530,3,408,28,166,21,67,Week_8,8,54,0,0,None,DC,F1,Southeast Distribution Center - Miami,Miami,Southeast,25.7617,-80.1918,25.7617,-80.1918,14.49
SKU_0002,Medical Device for SKU_0002,MDS,C,1,DC5,Medical Devices & Diagnostics,222,530,3,408,28,166,21,67,Week_9,9,34,160,0,Confirmed,DC,F1,Southeast Distribution Center - Miami,Miami,Southeast,25.7617,-80.1918,25.7617,-80.1918,14.49
SKU_0002,Medical Device for SKU_0002,MDS,C,1,DC5,Medical Devices & Diagnostics,222,530,3,408,28,166,21,67,Week_10,10,62,0,132,None,DC,F1,Southeast Distribution Center - Miami,Miami,Southeast,25.7617,-80.1918,25.7617,-80.1918,14.49
SKU_0002,Medical Device for SKU_0002,MDS,C,1,DC5,Medical Devices & Diagnostics,222,530,3,408,28,166,21,67,Week_11,11,47,0,0,None,DC,F1,Southeast Distribution Center - Miami,Miami,Southeast,25.7617,-80.1918,25.7617,-80.1918,14.49
SKU_0002,Medical Device for SKU_0002,MDS,C,1,DC5,Medical Devices & Diagnostics,222,530,3,408,28,166,21,67,Week_12,12,44,0,0,None,DC,F1,Southeast Distribution Center - Miami,Miami,Southeast,25.7617,-80.1918,25.7617,-80.1918,14.49
SKU_0002,Medical Device for SKU_0002,MDS,C,1,F1,Medical Devices & Diagnostics,1570,5333,6,1739,28,2355,42,95,Week_1,1,737,1531,0,Confirmed,Factory,F1,Midwest Manufacturing Hub - Detroit,Detroit,Midwest,42.3314,-83.0458,42.3314,-83.0458,23.94
SKU_0002,Medical Device for SKU_0002,MDS,C,1,F1,Medical Devices & Diagnostics,1570,5333,6,1739,28,2355,42,95,Week_2,2,801,0,0,None,Factory,F1,Midwest Manufacturing Hub - Detroit,Detroit,Midwest,42.3314,-83.0458,42.3314,-83.0458,23.94
SKU_0002,Medical Device for SKU_0002,MDS,C,1,F1,Medical Devices & Diagnostics,1570,5333,6,1739,28,2355,42,95,Week_3,3,737,0,540,None,Factory,F1,Midwest Manufacturing Hub - Detroit,Detroit,Midwest,42.3314,-83.0458,42.3314,-83.0458,23.94
SKU_0002,Medical Device for SKU_0002,MDS,C,1,F1,Medical Devices & Diagnostics,1570,5333,6,1739,28,2355,42,95,Week_4,4,1748,2909,0,Confirmed,Factory,F1,Midwest Manufacturing Hub - Detroit,Detroit,Midwest,42.3314,-83.0458,42.3314,-83.0458,23.94
SKU_0002,Medical Device for SKU_0002,MDS,C,1,F1,Medical Devices & Diagnostics,1570,5333,6,1739,28,2355,42,95,Week_5,5,286,0,1157,None,Factory,F1,Midwest Manufacturing Hub - Detroit,Detroit,Midwest,42.3314,-83.0458,42.3314,-83.0458,23.94
SKU_0002,Medical Device for SKU_0002,MDS,C,1,F1,Medical Devices & Diagnostics,1570,5333,6,1739,28,2355,42,95,Week_6,6,233,0,0,None,Factory,F1,Midwest Manufacturing Hub - Detroit,Detroit,Midwest,42.3314,-83.0458,42.3314,-83.0458,23.94
SKU_0002,Medical Device for SKU_0002,MDS,C,1,F1,Medical Devices & Diagnostics,1570,5333,6,1739,28,2355,42,95,Week_7,7,0,2840,0,Confirmed,Factory,F1,Midwest Manufacturing Hub - Detroit,Detroit,Midwest,42.3314,-83.0458,42.3314,-83.0458,23.94
SKU_0002,Medical Device for SKU_0002,MDS,C,1,F1,Medical Devices & Diagnostics,1570,5333,6,1739,28,2355,42,95,Week_8,8,440,0,0,None,Factory,F1,Midwest Manufacturing Hub - Detroit,Detroit,Midwest,42.3314,-83.0458,42.3314,-83.0458,23.94
SKU_0002,Medical Device for SKU_0002,MDS,C,1,F1,Medical Devices & Diagnostics,1570,5333,6,1739,28,2355,42,95,Week_9,9,568,1500,0,Confirmed,Factory,F1,Midwest Manufacturing Hub - Detroit,Detroit,Midwest,42.3314,-83.0458,42.3314,-83.0458,23.94
SKU_0002,Medical Device for SKU_0002,MDS,C,1,F1,Medical Devices & Diagnostics,1570,5333,6,1739,28,2355,42,95,Week_10,10,0,0,0,None,Factory,F1,Midwest Manufacturing Hub - Detroit,Detroit,Midwest,42.3314,-83.0458,42.3314,-83.0458,23.94
SKU_0002,Medical Device for SKU_0002,MDS,C,1,F1,Medical Devices & Diagnostics,1570,5333,6,1739,28,2355,42,95,Week_11,11,372,0,0,None,Factory,F1,Midwest Manufacturing Hub - Detroit,Detroit,Midwest,42.3314,-83.0458,42.3314,-83.0458,23.94
SKU_0002,Medical Device for SKU_0002,MDS,C,1,F1,Medical Devices & Diagnostics,1570,5333,6,1739,28,2355,42,95,Week_12,12,0,3819,0,Confirmed,Factory,F1,Midwest Manufacturing Hub - Detroit,Detroit,Midwest,42.3314,-83.0458,42.3314,-83.0458,23.94
SKU_0003,Medical Device for SKU_0003,SM,C,1,DC1,Surgical & Mechanical,291,903,2,64,28,146,14,87,Week_1,1,72,0,0,None,DC,F1,Northeast Regional DC - New York,New York,Northeast,40.7128,-74.006,40.7128,-74.006,30.41
SKU_0003,Medical Device for SKU_0003,SM,C,1,DC1,Surgical & Mechanical,291,903,2,64,28,146,14,87,Week_2,2,73,0,138,None,DC,F1,Northeast Regional DC - New York,New York,Northeast,40.7128,-74.006,40.7128,-74.006,30.41
SKU_0003,Medical Device for SKU_0003,SM,C,1,DC1,Surgical & Mechanical,291,903,2,64,28,146,14,87,Week_3,3,52,0,0,None,DC,F1,Northeast Regional DC - New York,New York,Northeast,40.7128,-74.006,40.7128,-74.006,30.41
SKU_0003,Medical Device for SKU_0003,SM,C,1,DC1,Surgical & Mechanical,291,903,2,64,28,146,14,87,Week_4,4,80,0,170,None,DC,F1,Northeast Regional DC - New York,New York,Northeast,40.7128,-74.006,40.7128,-74.006,30.41
SKU_0003,Medical Device for SKU_0003,SM,C,1,DC1,Surgical & Mechanical,291,903,2,64,28,146,14,87,Week_5,5,95,0,0,None,DC,F1,Northeast Regional DC - New York,New York,Northeast,40.7128,-74.006,40.7128,-74.006,30.41
SKU_0003,Medical Device for SKU_0003,SM,C,1,DC1,Surgical & Mechanical,291,903,2,64,28,146,14,87,Week_6,6,74,0,0,None,DC,F1,Northeast Regional DC - New York,New York,Northeast,40.7128,-74.006,40.7128,-74.006,30.41
SKU_0003,Medical Device for SKU_0003,SM,C,1,DC1,Surgical & Mechanical,291,903,2,64,28,146,14,87,Week_7,7,69,112,0,Confirmed,DC,F1,Northeast Regional DC - New York,New York,Northeast,40.7128,-74.006,40.7128,-74.006,30.41
SKU_0003,Medical Device for SKU_0003,SM,C,1,DC1,Surgical & Mechanical,291,903,2,64,28,146,14,87,Week_8,8,86,0,0,None,DC,F1,Northeast Regional DC - New York,New York,Northeast,40.7128,-74.006,40.7128,-74.006,30.41
SKU_0003,Medical Device for SKU_0003,SM,C,1,DC1,Surgical & Mechanical,291,903,2,64,28,146,14,87,Week_9,9,58,110,0,Confirmed,DC,F1,Northeast Regional DC - New York,New York,Northeast,40.7128,-74.006,40.7128,-74.006,30.41
SKU_0003,Medical Device for SKU_0003,SM,C,1,DC1,Surgical & Mechanical,291,903,2,64,28,146,14,87,Week_10,10,82,0,0,None,DC,F1,Northeast Regional DC - New York,New York,Northeast,40.7128,-74.006,40.7128,-74.006,30.41
SKU_0003,Medical Device for SKU_0003,SM,C,1,DC1,Surgical & Mechanical,291,903,2,64,28,146,14,87,Week_11,11,55,0,0,None,DC,F1,Northeast Regional DC - New York,New York,Northeast,40.7128,-74.006,40.7128,-74.006,30.41
SKU_0003,Medical Device for SKU_0003,SM,C,1,DC1,Surgical & Mechanical,291,903,2,64,28,146,14,87,Week_12,12,43,0,0,None,DC,F1,Northeast Regional DC - New York,New York,Northeast,40.7128,-74.006,40.7128,-74.006,30.41
SKU_0003,Medical Device for SKU_0003,SM,C,1,DC2,Surgical & Mechanical,195,775,2,722,28,98,14,111,Week_1,1,64,0,0,None,DC,F1,West Coast Distribution Center - LA,Los Angeles,West,34.0522,-118.2437,34.0522,-118.2437,21.87
SKU_0003,Medical Device for SKU_0003,SM,C,1,DC2,Surgical & Mechanical,195,775,2,722,28,98,14,111,Week_2,2,35,140,0,Confirmed,DC,F1,West Coast Distribution Center - LA,Los Angeles,West,34.0522,-118.2437,34.0522,-118.2437,21.87
SKU_0003,Medical Device for SKU_0003,SM,C,1,DC2,Surgical & Mechanical,195,775,2,722,28,98,14,111,Week_3,3,32,0,0,None,DC,F1,West Coast Distribution Center - LA,Los Angeles,West,34.0522,-118.2437,34.0522,-118.2437,21.87
SKU_0003,Medical Device for SKU_0003,SM,C,1,DC2,Surgical & Mechanical,195,775,2,722,28,98,14,111,Week_4,4,48,0,0,None,DC,F1,West Coast Distribution Center - LA,Los Angeles,West,34.0522,-118.2437,34.0522,-118.2437,21.87
SKU_0003,Medical Device for SKU_0003,SM,C,1,DC2,Surgical & Mechanical,195,775,2,722,28,98,14,111,Week_5,5,36,82,0,Confirmed,DC,F1,West Coast Distribution Center - LA,Los Angeles,West,34.0522,-118.2437,34.0522,-118.2437,21.87
SKU_0003,Medical Device for SKU_0003,SM,C,1,DC2,Surgical & Mechanical,195,775,2,722,28,98,14,111,Week_6,6,55,84,0,Confirmed,DC,F1,West Coast Distribution Center - LA,Los Angeles,West,34.0522,-118.2437,34.0522,-118.2437,21.87
SKU_0003,Medical Device for SKU_0003,SM,C,1,DC2,Surgical & Mechanical,195,775,2,722,28,98,14,111,Week_7,7,52,98,0,Confirmed,DC,F1,West Coast Distribution Center - LA,Los Angeles,West,34.0522,-118.2437,34.0522,-118.2437,21.87
SKU_0003,Medical Device for SKU_0003,SM,C,1,DC2,Surgical & Mechanical,195,775,2,722,28,98,14,111,Week_8,8,39,0,0,None,DC,F1,West Coast Distribution Center - LA,Los Angeles,West,34.0522,-118.2437,34.0522,-118.2437,21.87
SKU_0003,Medical Device for SKU_0003,SM,C,1,DC2,Surgical & Mechanical,195,775,2,722,28,98,14,111,Week_9,9,39,76,0,Confirmed,DC,F1,West Coast Distribution Center - LA,Los Angeles,West,34.0522,-118.2437,34.0522,-118.2437,21.87
SKU_0003,Medical Device for SKU_0003,SM,C,1,DC2,Surgical & Mechanical,195,775,2,722,28,98,14,111,Week_10,10,53,93,0,Confirmed,DC,F1,West Coast Distribution Center - LA,Los Angeles,West,34.0522,-118.2437,34.0522,-118.2437,21.87
SKU_0003,Medical Device for SKU_0003,SM,C,1,DC2,Surgical & Mechanical,195,775,2,722,28,98,14,111,Week_11,11,47,99,0,Confirmed,DC,F1,West Coast Distribution Center - LA,Los Angeles,West,34.0522,-118.2437,34.0522,-118.2437,21.87
SKU_0003,Medical Device for SKU_0003,SM,C,1,DC2,Surgical & Mechanical,195,775,2,722,28,98,14,111,Week_12,12,38,0,0,None,DC,F1,West Coast Distribution Center - LA,Los Angeles,West,34.0522,-118.2437,34.0522,-118.2437,21.87
SKU_0003,Medical Device for SKU_0003,SM,C,1,DC3,Surgical & Mechanical,112,312,4,244,28,112,28,78,Week_1,1,24,0,0,None,DC,F1,South Central Logistics Hub - Dallas,Dallas,South,32.7767,-96.797,32.7767,-96.797,39.24
SKU_0003,Medical Device for SKU_0003,SM,C,1,DC3,Surgical & Mechanical,112,312,4,244,28,112,28,78,Week_2,2,29,53,0,Confirmed,DC,F1,South Central Logistics Hub - Dallas,Dallas,South,32.7767,-96.797,32.7767,-96.797,39.24
SKU_0003,Medical Device for SKU_0003,SM,C,1,DC3,Surgical & Mechanical,112,312,4,244,28,112,28,78,Week_3,3,31,50,0,Confirmed,DC,F1,South Central Logistics Hub - Dallas,Dallas,South,32.7767,-96.797,32.7767,-96.797,39.24
SKU_0003,Medical Device for SKU_0003,SM,C,1,DC3,Surgical & Mechanical,112,312,4,244,28,112,28,78,Week_4,4,32,0,0,None,DC,F1,South Central Logistics Hub - Dallas,Dallas,South,32.7767,-96.797,32.7767,-96.797,39.24
SKU_0003,Medical Device for SKU_0003,SM,C,1,DC3,Surgical & Mechanical,112,312,4,244,28,112,28,78,Week_5,5,19,0,0,None,DC,F1,South Central Logistics Hub - Dallas,Dallas,South,32.7767,-96.797,32.7767,-96.797,39.24
SKU_0003,Medical Device for SKU_0003,SM,C,1,DC3,Surgical & Mechanical,112,312,4,244,28,112,28,78,Week_6,6,35,52,0,Confirmed,DC,F1,South Central Logistics Hub - Dallas,Dallas,South,32.7767,-96.797,32.7767,-96.797,39.24
SKU_0003,Medical Device for SKU_0003,SM,C,1,DC3,Surgical & Mechanical,112,312,4,244,28,112,28,78,Week_7,7,31,0,0,None,DC,F1,South Central Logistics Hub - Dallas,Dallas,South,32.7767,-96.797,32.7767,-96.797,39.24
SKU_0003,Medical Device for SKU_0003,SM,C,1,DC3,Surgical & Mechanical,112,312,4,244,28,112,28,78,Week_8,8,29,60,0,Confirmed,DC,F1,South Central Logistics Hub - Dallas,Dallas,South,32.7767,-96.797,32.7767,-96.797,39.24
SKU_0003,Medical Device for SKU_0003,SM,C,1,DC3,Surgical & Mechanical,112,312,4,244,28,112,28,78,Week_9,9,19,154,0,Confirmed,DC,F1,South Central Logistics Hub - Dallas,Dallas,South,32.7767,-96.797,32.7767,-96.797,39.24
SKU_0003,Medical Device for SKU_0003,SM,C,1,DC3,Surgical & Mechanical,112,312,4,244,28,112,28,78,Week_10,10,29,55,0,Confirmed,DC,F1,South Central Logistics Hub - Dallas,Dallas,South,32.7767,-96.797,32.7767,-96.797,39.24
SKU_0003,Medical Device for SKU_0003,SM,C,1,DC3,Surgical & Mechanical,112,312,4,244,28,112,28,78,Week_11,11,24,79,0,Confirmed,DC,F1,South Central Logistics Hub - Dallas,Dallas,South,32.7767,-96.797,32.7767,-96.797,39.24
SKU_0003,Medical Device for SKU_0003,SM,C,1,DC3,Surgical & Mechanical,112,312,4,244,28,112,28,78,Week_12,12,21,0,0,None,DC,F1,South Central Logistics Hub - Dallas,Dallas,South,32.7767,-96.797,32.7767,-96.797,39.24
SKU_0003,Medical Device for SKU_0003,SM,C,1,DC4,Surgical & Mechanical,466,1368,4,404,28,466,28,82,Week_1,1,116,268,0,Confirmed,DC,F1,Northwest Fulfillment Center - Seattle,Seattle,Northwest,47.6062,-122.3321,47.6062,-122.3321,31.66
SKU_0003,Medical Device for SKU_0003,SM,C,1,DC4,Surgical & Mechanical,466,1368,4,404,28,466,28,82,Week_2,2,150,0,0,None,DC,F1,Northwest Fulfillment Center - Seattle,Seattle,Northwest,47.6062,-122.3321,47.6062,-122.3321,31.66
SKU_0003,Medical Device for SKU_0003,SM,C,1,DC4,Surgical & Mechanical,466,1368,4,404,28,466,28,82,Week_3,3,92,635,0,Confirmed,DC,F1,Northwest Fulfillment Center - Seattle,Seattle,Northwest,47.6062,-122.3321,47.6062,-122.3321,31.66
SKU_0003,Medical Device for SKU_0003,SM,C,1,DC4,Surgical & Mechanical,466,1368,4,404,28,466,28,82,Week_4,4,112,0,0,None,DC,F1,Northwest Fulfillment Center - Seattle,Seattle,Northwest,47.6062,-122.3321,47.6062,-122.3321,31.66
SKU_0003,Medical Device for SKU_0003,SM,C,1,DC4,Surgical & Mechanical,466,1368,4,404,28,466,28,82,Week_5,5,83,201,0,Confirmed,DC,F1,Northwest Fulfillment Center - Seattle,Seattle,Northwest,47.6062,-122.3321,47.6062,-122.3321,31.66
SKU_0003,Medical Device for SKU_0003,SM,C,1,DC4,Surgical & Mechanical,466,1368,4,404,28,466,28,82,Week_6,6,129,202,0,Confirmed,DC,F1,Northwest Fulfillment Center - Seattle,Seattle,Northwest,47.6062,-122.3321,47.6062,-122.3321,31.66
SKU_0003,Medical Device for SKU_0003,SM,C,1,DC4,Surgical & Mechanical,466,1368,4,404,28,466,28,82,Week_7,7,102,331,0,Confirmed,DC,F1,Northwest Fulfillment Center - Seattle,Seattle,Northwest,47.6062,-122.3321,47.6062,-122.3321,31.66
SKU_0003,Medical Device for SKU_0003,SM,C,1,DC4,Surgical & Mechanical,466,1368,4,404,28,466,28,82,Week_8,8,96,266,0,Confirmed,DC,F1,Northwest Fulfillment Center - Seattle,Seattle,Northwest,47.6062,-122.3321,47.6062,-122.3321,31.66
SKU_0003,Medical Device for SKU_0003,SM,C,1,DC4,Surgical & Mechanical,466,1368,4,404,28,466,28,82,Week_9,9,122,244,0,Confirmed,DC,F1,Northwest Fulfillment Center - Seattle,Seattle,Northwest,47.6062,-122.3321,47.6062,-122.3321,31.66
SKU_0003,Medical Device for SKU_0003,SM,C,1,DC4,Surgical & Mechanical,466,1368,4,404,28,466,28,82,Week_10,10,115,0,0,None,DC,F1,Northwest Fulfillment Center - Seattle,Seattle,Northwest,47.6062,-122.3321,47.6062,-122.3321,31.66
SKU_0003,Medical Device for SKU_0003,SM,C,1,DC4,Surgical & Mechanical,466,1368,4,404,28,466,28,82,Week_11,11,103,291,0,Confirmed,DC,F1,Northwest Fulfillment Center - Seattle,Seattle,Northwest,47.6062,-122.3321,47.6062,-122.3321,31.66
SKU_0003,Medical Device for SKU_0003,SM,C,1,DC4,Surgical & Mechanical,466,1368,4,404,28,466,28,82,Week_12,12,134,0,0,None,DC,F1,Northwest Fulfillment Center - Seattle,Seattle,Northwest,47.6062,-122.3321,47.6062,-122.3321,31.66
SKU_0003,Medical Device for SKU_0003,SM,C,1,DC5,Surgical & Mechanical,360,1342,2,1339,28,180,14,104,Week_1,1,59,0,148,None,DC,F1,Southeast Distribution Center - Miami,Miami,Southeast,25.7617,-80.1918,25.7617,-80.1918,29.71
SKU_0003,Medical Device for SKU_0003,SM,C,1,DC5,Surgical & Mechanical,360,1342,2,1339,28,180,14,104,Week_2,2,99,0,0,None,DC,F1,Southeast Distribution Center - Miami,Miami,Southeast,25.7617,-80.1918,25.7617,-80.1918,29.71
SKU_0003,Medical Device for SKU_0003,SM,C,1,DC5,Surgical & Mechanical,360,1342,2,1339,28,180,14,104,Week_3,3,81,0,194,None,DC,F1,Southeast Distribution Center - Miami,Miami,Southeast,25.7617,-80.1918,25.7617,-80.1918,29.71
SKU_0003,Medical Device for SKU_0003,SM,C,1,DC5,Surgical & Mechanical,360,1342,2,1339,28,180,14,104,Week_4,4,84,199,0,Confirmed,DC,F1,Southeast Distribution Center - Miami,Miami,Southeast,25.7617,-80.1918,25.7617,-80.1918,29.71
SKU_0003,Medical Device for SKU_0003,SM,C,1,DC5,Surgical & Mechanical,360,1342,2,1339,28,180,14,104,Week_5,5,78,408,0,Confirmed,DC,F1,Southeast Distribution Center - Miami,Miami,Southeast,25.7617,-80.1918,25.7617,-80.1918,29.71
SKU_0003,Medical Device for SKU_0003,SM,C,1,DC5,Surgical & Mechanical,360,1342,2,1339,28,180,14,104,Week_6,6,90,268,0,Confirmed,DC,F1,Southeast Distribution Center - Miami,Miami,Southeast,25.7617,-80.1918,25.7617,-80.1918,29.71
SKU_0003,Medical Device for SKU_0003,SM,C,1,DC5,Surgical & Mechanical,360,1342,2,1339,28,180,14,104,Week_7,7,108,605,0,Confirmed,DC,F1,Southeast Distribution Center - Miami,Miami,Southeast,25.7617,-80.1918,25.7617,-80.1918,29.71
SKU_0003,Medical Device for SKU_0003,SM,C,1,DC5,Surgical & Mechanical,360,1342,2,1339,28,180,14,104,Week_8,8,79,0,0,None,DC,F1,Southeast Distribution Center - Miami,Miami,Southeast,25.7617,-80.1918,25.7617,-80.1918,29.71
SKU_0003,Medical Device for SKU_0003,SM,C,1,DC5,Surgical & Mechanical,360,1342,2,1339,28,180,14,104,Week_9,9,45,694,0,Confirmed,DC,F1,Southeast Distribution Center - Miami,Miami,Southeast,25.7617,-80.1918,25.7617,-80.1918,29.71
SKU_0003,Medical Device for SKU_0003,SM,C,1,DC5,Surgical & Mechanical,360,1342,2,1339,28,180,14,104,Week_10,10,75,0,0,None,DC,F1,Southeast Distribution Center - Miami,Miami,Southeast,25.7617,-80.1918,25.7617,-80.1918,29.71
SKU_0003,Medical Device for SKU_0003,SM,C,1,DC5,Surgical & Mechanical,360,1342,2,1339,28,180,14,104,Week_11,11,96,0,101,None,DC,F1,Southeast Distribution Center - Miami,Miami,Southeast,25.7617,-80.1918,25.7617,-80.1918,29.71
SKU_0003,Medical Device for SKU_0003,SM,C,1,DC5,Surgical & Mechanical,360,1342,2,1339,28,180,14,104,Week_12,12,79,0,0,None,DC,F1,Southeast Distribution Center - Miami,Miami,Southeast,25.7617,-80.1918,25.7617,-80.1918,29.71
SKU_0003,Medical Device for SKU_0003,SM,C,1,F1,Surgical & Mechanical,1424,4700,7,2773,28,2492,49,92,Week_1,1,193,0,0,None,Factory,F1,Midwest Manufacturing Hub - Detroit,Detroit,Midwest,42.3314,-83.0458,42.3314,-83.0458,32.71
SKU_0003,Medical Device for SKU_0003,SM,C,1,F1,Surgical & Mechanical,1424,4700,7,2773,28,2492,49,92,Week_2,2,685,0,0,None,Factory,F1,Midwest Manufacturing Hub - Detroit,Detroit,Midwest,42.3314,-83.0458,42.3314,-83.0458,32.71
SKU_0003,Medical Device for SKU_0003,SM,C,1,F1,Surgical & Mechanical,1424,4700,7,2773,28,2492,49,92,Week_3,3,199,0,523,None,Factory,F1,Midwest Manufacturing Hub - Detroit,Detroit,Midwest,42.3314,-83.0458,42.3314,-83.0458,32.71
SKU_0003,Medical Device for SKU_0003,SM,C,1,F1,Surgical & Mechanical,1424,4700,7,2773,28,2492,49,92,Week_4,4,691,0,0,None,Factory,F1,Midwest Manufacturing Hub - Detroit,Detroit,Midwest,42.3314,-83.0458,42.3314,-83.0458,32.71
SKU_0003,Medical Device for SKU_0003,SM,C,1,F1,Surgical & Mechanical,1424,4700,7,2773,28,2492,49,92,Week_5,5,606,1130,0,Confirmed,Factory,F1,Midwest Manufacturing Hub - Detroit,Detroit,Midwest,42.3314,-83.0458,42.3314,-83.0458,32.71
SKU_0003,Medical Device for SKU_0003,SM,C,1,F1,Surgical & Mechanical,1424,4700,7,2773,28,2492,49,92,Week_6,6,1146,0,0,None,Factory,F1,Midwest Manufacturing Hub - Detroit,Detroit,Midwest,42.3314,-83.0458,42.3314,-83.0458,32.71
SKU_0003,Medical Device for SKU_0003,SM,C,1,F1,Surgical & Mechanical,1424,4700,7,2773,28,2492,49,92,Week_7,7,326,0,0,None,Factory,F1,Midwest Manufacturing Hub - Detroit,Detroit,Midwest,42.3314,-83.0458,42.3314,-83.0458,32.71
SKU_0003,Medical Device for SKU_0003,SM,C,1,F1,Surgical & Mechanical,1424,4700,7,2773,28,2492,49,92,Week_8,8,1278,0,0,None,Factory,F1,Midwest Manufacturing Hub - Detroit,Detroit,Midwest,42.3314,-83.0458,42.3314,-83.0458,32.71
SKU_0003,Medical Device for SKU_0003,SM,C,1,F1,Surgical & Mechanical,1424,4700,7,2773,28,2492,49,92,Week_9,9,148,2958,0,Confirmed,Factory,F1,Midwest Manufacturing Hub - Detroit,Detroit,Midwest,42.3314,-83.0458,42.3314,-83.0458,32.71
SKU_0003,Medical Device for SKU_0003,SM,C,1,F1,Surgical & Mechanical,1424,4700,7,2773,28,2492,49,92,Week_10,10,469,990,0,Confirmed,Factory,F1,Midwest Manufacturing Hub - Detroit,Detroit,Midwest,42.3314,-83.0458,42.3314,-83.0458,32.71
SKU_0003,Medical Device for SKU_0003,SM,C,1,F1,Surgical & Mechanical,1424,4700,7,2773,28,2492,49,92,Week_11,11,0,2230,0,Confirmed,Factory,F1,Midwest Manufacturing Hub - Detroit,Detroit,Midwest,42.3314,-83.0458,42.3314,-83.0458,32.71
SKU_0003,Medical Device for SKU_0003,SM,C,1,F1,Surgical & Mechanical,1424,4700,7,2773,28,2492,49,92,Week_12,12,0,1098,0,Confirmed,Factory,F1,Midwest Manufacturing Hub - Detroit,Detroit,Midwest,42.3314,-83.0458,42.3314,-83.0458,32.71
SKU_0004,Medical Device for SKU_0004,MDS,C,1,DC1,Medical Devices & Diagnostics,247,958,4,411,28,247,28,109,Week_1,1,34,0,0,None,DC,F1,Northeast Regional DC - New York,New York,Northeast,40.7128,-74.006,40.7128,-74.006,38.58
SKU_0004,Medical Device for SKU_0004,MDS,C,1,DC1,Medical Devices & Diagnostics,247,958,4,411,28,247,28,109,Week_2,2,70,0,0,None,DC,F1,Northeast Regional DC - New York,New York,Northeast,40.7128,-74.006,40.7128,-74.006,38.58
SKU_0004,Medical Device for SKU_0004,MDS,C,1,DC1,Medical Devices & Diagnostics,247,958,4,411,28,247,28,109,Week_3,3,29,0,135,None,DC,F1,Northeast Regional DC - New York,New York,Northeast,40.7128,-74.006,40.7128,-74.006,38.58
SKU_0004,Medical Device for SKU_0004,MDS,C,1,DC1,Medical Devices & Diagnostics,247,958,4,411,28,247,28,109,Week_4,4,56,0,0,None,DC,F1,Northeast Regional DC - New York,New York,Northeast,40.7128,-74.006,40.7128,-74.006,38.58
SKU_0004,Medical Device for SKU_0004,MDS,C,1,DC1,Medical Devices & Diagnostics,247,958,4,411,28,247,28,109,Week_5,5,76,0,0,None,DC,F1,Northeast Regional DC - New York,New York,Northeast,40.7128,-74.006,40.7128,-74.006,38.58
SKU_0004,Medical Device for SKU_0004,MDS,C,1,DC1,Medical Devices & Diagnostics,247,958,4,411,28,247,28,109,Week_6,6,66,131,0,Confirmed,DC,F1,Northeast Regional DC - New York,New York,Northeast,40.7128,-74.006,40.7128,-74.006,38.58
SKU_0004,Medical Device for SKU_0004,MDS,C,1,DC1,Medical Devices & Diagnostics,247,958,4,411,28,247,28,109,Week_7,7,71,0,74,None,DC,F1,Northeast Regional DC - New York,New York,Northeast,40.7128,-74.006,40.7128,-74.006,38.58
SKU_0004,Medical Device for SKU_0004,MDS,C,1,DC1,Medical Devices & Diagnostics,247,958,4,411,28,247,28,109,Week_8,8,43,426,0,Confirmed,DC,F1,Northeast Regional DC - New York,New York,Northeast,40.7128,-74.006,40.7128,-74.006,38.58
SKU_0004,Medical Device for SKU_0004,MDS,C,1,DC1,Medical Devices & Diagnostics,247,958,4,411,28,247,28,109,Week_9,9,50,0,0,None,DC,F1,Northeast Regional DC - New York,New York,Northeast,40.7128,-74.006,40.7128,-74.006,38.58
SKU_0004,Medical Device for SKU_0004,MDS,C,1,DC1,Medical Devices & Diagnostics,247,958,4,411,28,247,28,109,Week_10,10,64,152,0,Confirmed,DC,F1,Northeast Regional DC - New York,New York,Northeast,40.7128,-74.006,40.7128,-74.006,38.58
SKU_0004,Medical Device for SKU_0004,MDS,C,1,DC1,Medical Devices & Diagnostics,247,958,4,411,28,247,28,109,Week_11,11,54,99,0,Confirmed,DC,F1,Northeast Regional DC - New York,New York,Northeast,40.7128,-74.006,40.7128,-74.006,38.58
SKU_0004,Medical Device for SKU_0004,MDS,C,1,DC1,Medical Devices & Diagnostics,247,958,4,411,28,247,28,109,Week_12,12,77,170,0,Confirmed,DC,F1,Northeast Regional DC - New York,New York,Northeast,40.7128,-74.006,40.7128,-74.006,38.58
SKU_0004,Medical Device for SKU_0004,MDS,C,1,DC2,Medical Devices & Diagnostics,497,1159,4,639,28,497,28,65,Week_1,1,108,342,0,Confirmed,DC,F1,West Coast Distribution Center - LA,Los Angeles,West,34.0522,-118.2437,34.0522,-118.2437,37.23
SKU_0004,Medical Device for SKU_0004,MDS,C,1,DC2,Medical Devices & Diagnostics,497,1159,4,639,28,497,28,65,Week_2,2,111,651,0,Confirmed,DC,F1,West Coast Distribution Center - LA,Los Angeles,West,34.0522,-118.2437,34.0522,-118.2437,37.23
SKU_0004,Medical Device for SKU_0004,MDS,C,1,DC2,Medical Devices & Diagnostics,497,1159,4,639,28,497,28,65,Week_3,3,137,0,0,None,DC,F1,West Coast Distribution Center - LA,Los Angeles,West,34.0522,-118.2437,34.0522,-118.2437,37.23
SKU_0004,Medical Device for SKU_0004,MDS,C,1,DC2,Medical Devices & Diagnostics,497,1159,4,639,28,497,28,65,Week_4,4,90,333,0,Confirmed,DC,F1,West Coast Distribution Center - LA,Los Angeles,West,34.0522,-118.2437,34.0522,-118.2437,37.23
SKU_0004,Medical Device for SKU_0004,MDS,C,1,DC2,Medical Devices & Diagnostics,497,1159,4,639,28,497,28,65,Week_5,5,101,0,0,None,DC,F1,West Coast Distribution Center - LA,Los Angeles,West,34.0522,-118.2437,34.0522,-118.2437,37.23
SKU_0004,Medical Device for SKU_0004,MDS,C,1,DC2,Medical Devices & Diagnostics,497,1159,4,639,28,497,28,65,Week_6,6,130,0,0,None,DC,F1,West Coast Distribution Center - LA,Los Angeles,West,34.0522,-118.2437,34.0522,-118.2437,37.23
SKU_0004,Medical Device for SKU_0004,MDS,C,1,DC2,Medical Devices & Diagnostics,497,1159,4,639,28,497,28,65,Week_7,7,145,0,351,None,DC,F1,West Coast Distribution Center - LA,Los Angeles,West,34.0522,-118.2437,34.0522,-118.2437,37.23
SKU_0004,Medical Device for SKU_0004,MDS,C,1,DC2,Medical Devices & Diagnostics,497,1159,4,639,28,497,28,65,Week_8,8,123,294,0,Confirmed,DC,F1,West Coast Distribution Center - LA,Los Angeles,West,34.0522,-118.2437,34.0522,-118.2437,37.23
SKU_0004,Medical Device for SKU_0004,MDS,C,1,DC2,Medical Devices & Diagnostics,497,1159,4,639,28,497,28,65,Week_9,9,150,606,0,Confirmed,DC,F1,West Coast Distribution Center - LA,Los Angeles,West,34.0522,-118.2437,34.0522,-118.2437,37.23
SKU_0004,Medical Device for SKU_0004,MDS,C,1,DC2,Medical Devices & Diagnostics,497,1159,4,639,28,497,28,65,Week_10,10,106,282,0,Confirmed,DC,F1,West Coast Distribution Center - LA,Los Angeles,West,34.0522,-118.2437,34.0522,-118.2437,37.23
SKU_0004,Medical Device for SKU_0004,MDS,C,1,DC2,Medical Devices & Diagnostics,497,1159,4,639,28,497,28,65,Week_11,11,123,0,0,None,DC,F1,West Coast Distribution Center - LA,Los Angeles,West,34.0522,-118.2437,34.0522,-118.2437,37.23
SKU_0004,Medical Device for SKU_0004,MDS,C,1,DC2,Medical Devices & Diagnostics,497,1159,4,639,28,497,28,65,Week_12,12,134,0,198,None,DC,F1,West Coast Distribution Center - LA,Los Angeles,West,34.0522,-118.2437,34.0522,-118.2437,37.23
SKU_0004,Medical Device for SKU_0004,MDS,C,1,DC3,Medical Devices & Diagnostics,280,880,2,96,28,140,14,88,Week_1,1,57,0,0,None,DC,F1,South Central Logistics Hub - Dallas,Dallas,South,32.7767,-96.797,32.7767,-96.797,31.73
SKU_0004,Medical Device for SKU_0004,MDS,C,1,DC3,Medical Devices & Diagnostics,280,880,2,96,28,140,14,88,Week_2,2,47,411,0,Confirmed,DC,F1,South Central Logistics Hub - Dallas,Dallas,South,32.7767,-96.797,32.7767,-96.797,31.73
SKU_0004,Medical Device for SKU_0004,MDS,C,1,DC3,Medical Devices & Diagnostics,280,880,2,96,28,140,14,88,Week_3,3,49,0,0,None,DC,F1,South Central Logistics Hub - Dallas,Dallas,South,32.7767,-96.797,32.7767,-96.797,31.73
SKU_0004,Medical Device for SKU_0004,MDS,C,1,DC3,Medical Devices & Diagnostics,280,880,2,96,28,140,14,88,Week_4,4,90,479,0,Confirmed,DC,F1,South Central Logistics Hub - Dallas,Dallas,South,32.7767,-96.797,32.7767,-96.797,31.73
SKU_0004,Medical Device for SKU_0004,MDS,C,1,DC3,Medical Devices & Diagnostics,280,880,2,96,28,140,14,88,Week_5,5,104,0,0,None,DC,F1,South Central Logistics Hub - Dallas,Dallas,South,32.7767,-96.797,32.7767,-96.797,31.73
SKU_0004,Medical Device for SKU_0004,MDS,C,1,DC3,Medical Devices & Diagnostics,280,880,2,96,28,140,14,88,Week_6,6,97,0,116,None,DC,F1,South Central Logistics Hub - Dallas,Dallas,South,32.7767,-96.797,32.7767,-96.797,31.73
SKU_0004,Medical Device for SKU_0004,MDS,C,1,DC3,Medical Devices & Diagnostics,280,880,2,96,28,140,14,88,Week_7,7,71,531,0,Confirmed,DC,F1,South Central Logistics Hub - Dallas,Dallas,South,32.7767,-96.797,32.7767,-96.797,31.73
SKU_0004,Medical Device for SKU_0004,MDS,C,1,DC3,Medical Devices & Diagnostics,280,880,2,96,28,140,14,88,Week_8,8,67,0,0,None,DC,F1,South Central Logistics Hub - Dallas,Dallas,South,32.7767,-96.797,32.7767,-96.797,31.73
SKU_0004,Medical Device for SKU_0004,MDS,C,1,DC3,Medical Devices & Diagnostics,280,880,2,96,28,140,14,88,Week_9,9,66,0,97,None,DC,F1,South Central Logistics Hub - Dallas,Dallas,South,32.7767,-96.797,32.7767,-96.797,31.73
SKU_0004,Medical Device for SKU_0004,MDS,C,1,DC3,Medical Devices & Diagnostics,280,880,2,96,28,140,14,88,Week_10,10,84,0,0,None,DC,F1,South Central Logistics Hub - Dallas,Dallas,South,32.7767,-96.797,32.7767,-96.797,31.73
SKU_0004,Medical Device for SKU_0004,MDS,C,1,DC3,Medical Devices & Diagnostics,280,880,2,96,28,140,14,88,Week_11,11,81,0,0,None,DC,F1,South Central Logistics Hub - Dallas,Dallas,South,32.7767,-96.797,32.7767,-96.797,31.73
SKU_0004,Medical Device for SKU_0004,MDS,C,1,DC3,Medical Devices & Diagnostics,280,880,2,96,28,140,14,88,Week_12,12,43,0,0,None,DC,F1,South Central Logistics Hub - Dallas,Dallas,South,32.7767,-96.797,32.7767,-96.797,31.73
SKU_0004,Medical Device for SKU_0004,MDS,C,1,DC4,Medical Devices & Diagnostics,460,1604,3,321,28,345,21,98,Week_1,1,115,0,0,None,DC,F1,Northwest Fulfillment Center - Seattle,Seattle,Northwest,47.6062,-122.3321,47.6062,-122.3321,32.47
SKU_0004,Medical Device for SKU_0004,MDS,C,1,DC4,Medical Devices & Diagnostics,460,1604,3,321,28,345,21,98,Week_2,2,116,0,208,None,DC,F1,Northwest Fulfillment Center - Seattle,Seattle,Northwest,47.6062,-122.3321,47.6062,-122.3321,32.47
SKU_0004,Medical Device for SKU_0004,MDS,C,1,DC4,Medical Devices & Diagnostics,460,1604,3,321,28,345,21,98,Week_3,3,101,0,0,None,DC,F1,Northwest Fulfillment Center - Seattle,Seattle,Northwest,47.6062,-122.3321,47.6062,-122.3321,32.47
SKU_0004,Medical Device for SKU_0004,MDS,C,1,DC4,Medical Devices & Diagnostics,460,1604,3,321,28,345,21,98,Week_4,4,109,0,316,None,DC,F1,Northwest Fulfillment Center - Seattle,Seattle,Northwest,47.6062,-122.3321,47.6062,-122.3321,32.47
SKU_0004,Medical Device for SKU_0004,MDS,C,1,DC4,Medical Devices & Diagnostics,460,1604,3,321,28,345,21,98,Week_5,5,146,0,0,None,DC,F1,Northwest Fulfillment Center - Seattle,Seattle,Northwest,47.6062,-122.3321,47.6062,-122.3321,32.47
SKU_0004,Medical Device for SKU_0004,MDS,C,1,DC4,Medical Devices & Diagnostics,460,1604,3,321,28,345,21,98,Week_6,6,137,839,0,Confirmed,DC,F1,Northwest Fulfillment Center - Seattle,Seattle,Northwest,47.6062,-122.3321,47.6062,-122.3321,32.47
SKU_0004,Medical Device for SKU_0004,MDS,C,1,DC4,Medical Devices & Diagnostics,460,1604,3,321,28,345,21,98,Week_7,7,107,0,0,None,DC,F1,Northwest Fulfillment Center - Seattle,Seattle,Northwest,47.6062,-122.3321,47.6062,-122.3321,32.47
SKU_0004,Medical Device for SKU_0004,MDS,C,1,DC4,Medical Devices & Diagnostics,460,1604,3,321,28,345,21,98,Week_8,8,112,0,0,None,DC,F1,Northwest Fulfillment Center - Seattle,Seattle,Northwest,47.6062,-122.3321,47.6062,-122.3321,32.47
SKU_0004,Medical Device for SKU_0004,MDS,C,1,DC4,Medical Devices & Diagnostics,460,1604,3,321,28,345,21,98,Week_9,9,106,0,0,None,DC,F1,Northwest Fulfillment Center - Seattle,Seattle,Northwest,47.6062,-122.3321,47.6062,-122.3321,32.47
SKU_0004,Medical Device for SKU_0004,MDS,C,1,DC4,Medical Devices & Diagnostics,460,1604,3,321,28,345,21,98,Week_10,10,125,270,0,Confirmed,DC,F1,Northwest Fulfillment Center - Seattle,Seattle,Northwest,47.6062,-122.3321,47.6062,-122.3321,32.47
SKU_0004,Medical Device for SKU_0004,MDS,C,1,DC4,Medical Devices & Diagnostics,460,1604,3,321,28,345,21,98,Week_11,11,114,256,0,Confirmed,DC,F1,Northwest Fulfillment Center - Seattle,Seattle,Northwest,47.6062,-122.3321,47.6062,-122.3321,32.47
SKU_0004,Medical Device for SKU_0004,MDS,C,1,DC4,Medical Devices & Diagnostics,460,1604,3,321,28,345,21,98,Week_12,12,122,0,0,None,DC,F1,Northwest Fulfillment Center - Seattle,Seattle,Northwest,47.6062,-122.3321,47.6062,-122.3321,32.47
SKU_0004,Medical Device for SKU_0004,MDS,C,1,DC5,Medical Devices & Diagnostics,59,176,3,195,28,44,21,84,Week_1,1,12,36,0,Confirmed,DC,F1,Southeast Distribution Center - Miami,Miami,Southeast,25.7617,-80.1918,25.7617,-80.1918,14.38
SKU_0004,Medical Device for SKU_0004,MDS,C,1,DC5,Medical Devices & Diagnostics,59,176,3,195,28,44,21,84,Week_2,2,19,0,41,None,DC,F1,Southeast Distribution Center - Miami,Miami,Southeast,25.7617,-80.1918,25.7617,-80.1918,14.38
SKU_0004,Medical Device for SKU_0004,MDS,C,1,DC5,Medical Devices & Diagnostics,59,176,3,195,28,44,21,84,Week_3,3,18,0,0,None,DC,F1,Southeast Distribution Center - Miami,Miami,Southeast,25.7617,-80.1918,25.7617,-80.1918,14.38
SKU_0004,Medical Device for SKU_0004,MDS,C,1,DC5,Medical Devices & Diagnostics,59,176,3,195,28,44,21,84,Week_4,4,18,0,0,None,DC,F1,Southeast Distribution Center - Miami,Miami,Southeast,25.7617,-80.1918,25.7617,-80.1918,14.38
SKU_0004,Medical Device for SKU_0004,MDS,C,1,DC5,Medical Devices & Diagnostics,59,176,3,195,28,44,21,84,Week_5,5,14,0,0,None,DC,F1,Southeast Distribution Center - Miami,Miami,Southeast,25.7617,-80.1918,25.7617,-80.1918,14.38
SKU_0004,Medical Device for SKU_0004,MDS,C,1,DC5,Medical Devices & Diagnostics,59,176,3,195,28,44,21,84,Week_6,6,12,25,0,Confirmed,DC,F1,Southeast Distribution Center - Miami,Miami,Southeast,25.7617,-80.1918,25.7617,-80.1918,14.38
SKU_0004,Medical Device for SKU_0004,MDS,C,1,DC5,Medical Devices & Diagnostics,59,176,3,195,28,44,21,84,Week_7,7,12,0,33,None,DC,F1,Southeast Distribution Center - Miami,Miami,Southeast,25.7617,-80.1918,25.7617,-80.1918,14.38
SKU_0004,Medical Device for SKU_0004,MDS,C,1,DC5,Medical Devices & Diagnostics,59,176,3,195,28,44,21,84,Week_8,8,12,0,0,None,DC,F1,Southeast Distribution Center - Miami,Miami,Southeast,25.7617,-80.1918,25.7617,-80.1918,14.38
SKU_0004,Medical Device for SKU_0004,MDS,C,1,DC5,Medical Devices & Diagnostics,59,176,3,195,28,44,21,84,Week_9,9,13,0,0,None,DC,F1,Southeast Distribution Center - Miami,Miami,Southeast,25.7617,-80.1918,25.7617,-80.1918,14.38
SKU_0004,Medical Device for SKU_0004,MDS,C,1,DC5,Medical Devices & Diagnostics,59,176,3,195,28,44,21,84,Week_10,10,18,0,0,None,DC,F1,Southeast Distribution Center - Miami,Miami,Southeast,25.7617,-80.1918,25.7617,-80.1918,14.38
SKU_0004,Medical Device for SKU_0004,MDS,C,1,DC5,Medical Devices & Diagnostics,59,176,3,195,28,44,21,84,Week_11,11,14,0,0,None,DC,F1,Southeast Distribution Center - Miami,Miami,Southeast,25.7617,-80.1918,25.7617,-80.1918,14.38
SKU_0004,Medical Device for SKU_0004,MDS,C,1,DC5,Medical Devices & Diagnostics,59,176,3,195,28,44,21,84,Week_12,12,18,0,0,None,DC,F1,Southeast Distribution Center - Miami,Miami,Southeast,25.7617,-80.1918,25.7617,-80.1918,14.38
SKU_0004,Medical Device for SKU_0004,MDS,C,1,F1,Medical Devices & Diagnostics,1543,4777,6,1662,28,2314,42,87,Week_1,1,1062,0,0,None,Factory,F1,Midwest Manufacturing Hub - Detroit,Detroit,Midwest,42.3314,-83.0458,42.3314,-83.0458,13.08
SKU_0004,Medical Device for SKU_0004,MDS,C,1,F1,Medical Devices & Diagnostics,1543,4777,6,1662,28,2314,42,87,Week_2,2,0,0,409,None,Factory,F1,Midwest Manufacturing Hub - Detroit,Detroit,Midwest,42.3314,-83.0458,42.3314,-83.0458,13.08
SKU_0004,Medical Device for SKU_0004,MDS,C,1,F1,Medical Devices & Diagnostics,1543,4777,6,1662,28,2314,42,87,Week_3,3,812,1230,0,Confirmed,Factory,F1,Midwest Manufacturing Hub - Detroit,Detroit,Midwest,42.3314,-83.0458,42.3314,-83.0458,13.08
SKU_0004,Medical Device for SKU_0004,MDS,C,1,F1,Medical Devices & Diagnostics,1543,4777,6,1662,28,2314,42,87,Week_4,4,0,1154,0,Confirmed,Factory,F1,Midwest Manufacturing Hub - Detroit,Detroit,Midwest,42.3314,-83.0458,42.3314,-83.0458,13.08
SKU_0004,Medical Device for SKU_0004,MDS,C,1,F1,Medical Devices & Diagnostics,1543,4777,6,1662,28,2314,42,87,Week_5,5,995,0,0,None,Factory,F1,Midwest Manufacturing Hub - Detroit,Detroit,Midwest,42.3314,-83.0458,42.3314,-83.0458,13.08
SKU_0004,Medical Device for SKU_0004,MDS,C,1,F1,Medical Devices & Diagnostics,1543,4777,6,1662,28,2314,42,87,Week_6,6,531,0,443,None,Factory,F1,Midwest Manufacturing Hub - Detroit,Detroit,Midwest,42.3314,-83.0458,42.3314,-83.0458,13.08
SKU_0004,Medical Device for SKU_0004,MDS,C,1,F1,Medical Devices & Diagnostics,1543,4777,6,1662,28,2314,42,87,Week_7,7,720,0,0,None,Factory,F1,Midwest Manufacturing Hub - Detroit,Detroit,Midwest,42.3314,-83.0458,42.3314,-83.0458,13.08
SKU_0004,Medical Device for SKU_0004,MDS,C,1,F1,Medical Devices & Diagnostics,1543,4777,6,1662,28,2314,42,87,Week_8,8,606,0,0,None,Factory,F1,Midwest Manufacturing Hub - Detroit,Detroit,Midwest,42.3314,-83.0458,42.3314,-83.0458,13.08
SKU_0004,Medical Device for SKU_0004,MDS,C,1,F1,Medical Devices & Diagnostics,1543,4777,6,1662,28,2314,42,87,Week_9,9,704,1403,0,Confirmed,Factory,F1,Midwest Manufacturing Hub - Detroit,Detroit,Midwest,42.3314,-83.0458,42.3314,-83.0458,13.08
SKU_0004,Medical Device for SKU_0004,MDS,C,1,F1,Medical Devices & Diagnostics,1543,4777,6,1662,28,2314,42,87,Week_10,10,355,0,0,None,Factory,F1,Midwest Manufacturing Hub - Detroit,Detroit,Midwest,42.3314,-83.0458,42.3314,-83.0458,13.08
SKU_0004,Medical Device for SKU_0004,MDS,C,1,F1,Medical Devices & Diagnostics,1543,4777,6,1662,28,2314,42,87,Week_11,11,170,1226,0,Confirmed,Factory,F1,Midwest Manufacturing Hub - Detroit,Detroit,Midwest,42.3314,-83.0458,42.3314,-83.0458,13.08
SKU_0004,Medical Device for SKU_0004,MDS,C,1,F1,Medical Devices & Diagnostics,1543,4777,6,1662,28,2314,42,87,Week_12,12,0,842,0,Confirmed,Factory,F1,Midwest Manufacturing Hub - Detroit,Detroit,Midwest,42.3314,-83.0458,42.3314,-83.0458,13.08
SKU_0005,Medical Device for SKU_0005,MDS,A,3,DC1,Medical Devices & Diagnostics,354,804,3,577,28,266,21,64,Week_1,1,93,0,211,None,DC,F1,Northeast Regional DC - New York,New York,Northeast,40.7128,-74.006,40.7128,-74.006,27.13
SKU_0005,Medical Device for SKU_0005,MDS,A,3,DC1,Medical Devices & Diagnostics,354,804,3,577,28,266,21,64,Week_2,2,65,681,0,Confirmed,DC,F1,Northeast Regional DC - New York,New York,Northeast,40.7128,-74.006,40.7128,-74.006,27.13
SKU_0005,Medical Device for SKU_0005,MDS,A,3,DC1,Medical Devices & Diagnostics,354,804,3,577,28,266,21,64,Week_3,3,108,0,0,None,DC,F1,Northeast Regional DC - New York,New York,Northeast,40.7128,-74.006,40.7128,-74.006,27.13
SKU_0005,Medical Device for SKU_0005,MDS,A,3,DC1,Medical Devices & Diagnostics,354,804,3,577,28,266,21,64,Week_4,4,87,0,194,None,DC,F1,Northeast Regional DC - New York,New York,Northeast,40.7128,-74.006,40.7128,-74.006,27.13
SKU_0005,Medical Device for SKU_0005,MDS,A,3,DC1,Medical Devices & Diagnostics,354,804,3,577,28,266,21,64,Week_5,5,80,225,0,Confirmed,DC,F1,Northeast Regional DC - New York,New York,Northeast,40.7128,-74.006,40.7128,-74.006,27.13
SKU_0005,Medical Device for SKU_0005,MDS,A,3,DC1,Medical Devices & Diagnostics,354,804,3,577,28,266,21,64,Week_6,6,83,610,0,Confirmed,DC,F1,Northeast Regional DC - New York,New York,Northeast,40.7128,-74.006,40.7128,-74.006,27.13
SKU_0005,Medical Device for SKU_0005,MDS,A,3,DC1,Medical Devices & Diagnostics,354,804,3,577,28,266,21,64,Week_7,7,85,0,0,None,DC,F1,Northeast Regional DC - New York,New York,Northeast,40.7128,-74.006,40.7128,-74.006,27.13
SKU_0005,Medical Device for SKU_0005,MDS,A,3,DC1,Medical Devices & Diagnostics,354,804,3,577,28,266,21,64,Week_8,8,80,575,0,Confirmed,DC,F1,Northeast Regional DC - New York,New York,Northeast,40.7128,-74.006,40.7128,-74.006,27.13
SKU_0005,Medical Device for SKU_0005,MDS,A,3,DC1,Medical Devices & Diagnostics,354,804,3,577,28,266,21,64,Week_9,9,93,135,0,Confirmed,DC,F1,Northeast Regional DC - New York,New York,Northeast,40.7128,-74.006,40.7128,-74.006,27.13
SKU_0005,Medical Device for SKU_0005,MDS,A,3,DC1,Medical Devices & Diagnostics,354,804,3,577,28,266,21,64,Week_10,10,104,0,243,None,DC,F1,Northeast Regional DC - New York,New York,Northeast,40.7128,-74.006,40.7128,-74.006,27.13
SKU_0005,Medical Device for SKU_0005,MDS,A,3,DC1,Medical Devices & Diagnostics,354,804,3,577,28,266,21,64,Week_11,11,101,0,0,None,DC,F1,Northeast Regional DC - New York,New York,Northeast,40.7128,-74.006,40.7128,-74.006,27.13
SKU_0005,Medical Device for SKU_0005,MDS,A,3,DC1,Medical Devices & Diagnostics,354,804,3,577,28,266,21,64,Week_12,12,89,0,0,None,DC,F1,Northeast Regional DC - New York,New York,Northeast,40.7128,-74.006,40.7128,-74.006,27.13
SKU_0005,Medical Device for SKU_0005,MDS,A,3,DC2,Medical Devices & Diagnostics,61,188,4,111,28,61,28,86,Week_1,1,13,0,0,None,DC,F1,West Coast Distribution Center - LA,Los Angeles,West,34.0522,-118.2437,34.0522,-118.2437,10.55
SKU_0005,Medical Device for SKU_0005,MDS,A,3,DC2,Medical Devices & Diagnostics,61,188,4,111,28,61,28,86,Week_2,2,7,0,0,None,DC,F1,West Coast Distribution Center - LA,Los Angeles,West,34.0522,-118.2437,34.0522,-118.2437,10.55
SKU_0005,Medical Device for SKU_0005,MDS,A,3,DC2,Medical Devices & Diagnostics,61,188,4,111,28,61,28,86,Week_3,3,10,0,18,None,DC,F1,West Coast Distribution Center - LA,Los Angeles,West,34.0522,-118.2437,34.0522,-118.2437,10.55
SKU_0005,Medical Device for SKU_0005,MDS,A,3,DC2,Medical Devices & Diagnostics,61,188,4,111,28,61,28,86,Week_4,4,9,0,24,None,DC,F1,West Coast Distribution Center - LA,Los Angeles,West,34.0522,-118.2437,34.0522,-118.2437,10.55
SKU_0005,Medical Device for SKU_0005,MDS,A,3,DC2,Medical Devices & Diagnostics,61,188,4,111,28,61,28,86,Week_5,5,9,0,44,None,DC,F1,West Coast Distribution Center - LA,Los Angeles,West,34.0522,-118.2437,34.0522,-118.2437,10.55
SKU_0005,Medical Device for SKU_0005,MDS,A,3,DC2,Medical Devices & Diagnostics,61,188,4,111,28,61,28,86,Week_6,6,11,0,27,None,DC,F1,West Coast Distribution Center - LA,Los Angeles,West,34.0522,-118.2437,34.0522,-118.2437,10.55
SKU_0005,Medical Device for SKU_0005,MDS,A,3,DC2,Medical Devices & Diagnostics,61,188,4,111,28,61,28,86,Week_7,7,22,45,0,Confirmed,DC,F1,West Coast Distribution Center - LA,Los Angeles,West,34.0522,-118.2437,34.0522,-118.2437,10.55
SKU_0005,Medical Device for SKU_0005,MDS,A,3,DC2,Medical Devices & Diagnostics,61,188,4,111,28,61,28,86,Week_8,8,13,44,0,Confirmed,DC,F1,West Coast Distribution Center - LA,Los Angeles,West,34.0522,-118.2437,34.0522,-118.2437,10.55
SKU_0005,Medical Device for SKU_0005,MDS,A,3,DC2,Medical Devices & Diagnostics,61,188,4,111,28,61,28,86,Week_9,9,18,0,20,None,DC,F1,West Coast Distribution Center - LA,Los Angeles,West,34.0522,-118.2437,34.0522,-118.2437,10.55
SKU_0005,Medical Device for SKU_0005,MDS,A,3,DC2,Medical Devices & Diagnostics,61,188,4,111,28,61,28,86,Week_10,10,20,27,0,Confirmed,DC,F1,West Coast Distribution Center - LA,Los Angeles,West,34.0522,-118.2437,34.0522,-118.2437,10.55
SKU_0005,Medical Device for SKU_0005,MDS,A,3,DC2,Medical Devices & Diagnostics,61,188,4,111,28,61,28,86,Week_11,11,13,45,0,Confirmed,DC,F1,West Coast Distribution Center - LA,Los Angeles,West,34.0522,-118.2437,34.0522,-118.2437,10.55
SKU_0005,Medical Device for SKU_0005,MDS,A,3,DC2,Medical Devices & Diagnostics,61,188,4,111,28,61,28,86,Week_12,12,18,0,0,None,DC,F1,West Coast Distribution Center - LA,Los Angeles,West,34.0522,-118.2437,34.0522,-118.2437,10.55
SKU_0005,Medical Device for SKU_0005,MDS,A,3,DC3,Medical Devices & Diagnostics,130,431,3,150,28,98,21,93,Week_1,1,41,0,85,None,DC,F1,South Central Logistics Hub - Dallas,Dallas,South,32.7767,-96.797,32.7767,-96.797,24.47
SKU_0005,Medical Device for SKU_0005,MDS,A,3,DC3,Medical Devices & Diagnostics,130,431,3,150,28,98,21,93,Week_2,2,28,59,0,Confirmed,DC,F1,South Central Logistics Hub - Dallas,Dallas,South,32.7767,-96.797,32.7767,-96.797,24.47
SKU_0005,Medical Device for SKU_0005,MDS,A,3,DC3,Medical Devices & Diagnostics,130,431,3,150,28,98,21,93,Week_3,3,47,0,89,None,DC,F1,South Central Logistics Hub - Dallas,Dallas,South,32.7767,-96.797,32.7767,-96.797,24.47
SKU_0005,Medical Device for SKU_0005,MDS,A,3,DC3,Medical Devices & Diagnostics,130,431,3,150,28,98,21,93,Week_4,4,38,146,0,Confirmed,DC,F1,South Central Logistics Hub - Dallas,Dallas,South,32.7767,-96.797,32.7767,-96.797,24.47
SKU_0005,Medical Device for SKU_0005,MDS,A,3,DC3,Medical Devices & Diagnostics,130,431,3,150,28,98,21,93,Week_5,5,34,0,0,None,DC,F1,South Central Logistics Hub - Dallas,Dallas,South,32.7767,-96.797,32.7767,-96.797,24.47
SKU_0005,Medical Device for SKU_0005,MDS,A,3,DC3,Medical Devices & Diagnostics,130,431,3,150,28,98,21,93,Week_6,6,34,68,0,Confirmed,DC,F1,South Central Logistics Hub - Dallas,Dallas,South,32.7767,-96.797,32.7767,-96.797,24.47
SKU_0005,Medical Device for SKU_0005,MDS,A,3,DC3,Medical Devices & Diagnostics,130,431,3,150,28,98,21,93,Week_7,7,23,0,0,None,DC,F1,South Central Logistics Hub - Dallas,Dallas,South,32.7767,-96.797,32.7767,-96.797,24.47
SKU_0005,Medical Device for SKU_0005,MDS,A,3,DC3,Medical Devices & Diagnostics,130,431,3,150,28,98,21,93,Week_8,8,27,59,0,Confirmed,DC,F1,South Central Logistics Hub - Dallas,Dallas,South,32.7767,-96.797,32.7767,-96.797,24.47
SKU_0005,Medical Device for SKU_0005,MDS,A,3,DC3,Medical Devices & Diagnostics,130,431,3,150,28,98,21,93,Week_9,9,29,0,0,None,DC,F1,South Central Logistics Hub - Dallas,Dallas,South,32.7767,-96.797,32.7767,-96.797,24.47
SKU_0005,Medical Device for SKU_0005,MDS,A,3,DC3,Medical Devices & Diagnostics,130,431,3,150,28,98,21,93,Week_10,10,33,0,0,None,DC,F1,South Central Logistics Hub - Dallas,Dallas,South,32.7767,-96.797,32.7767,-96.797,24.47
SKU_0005,Medical Device for SKU_0005,MDS,A,3,DC3,Medical Devices & Diagnostics,130,431,3,150,28,98,21,93,Week_11,11,29,0,0,None,DC,F1,South Central Logistics Hub - Dallas,Dallas,South,32.7767,-96.797,32.7767,-96.797,24.47
SKU_0005,Medical Device for SKU_0005,MDS,A,3,DC3,Medical Devices & Diagnostics,130,431,3,150,28,98,21,93,Week_12,12,39,244,0,Confirmed,DC,F1,South Central Logistics Hub - Dallas,Dallas,South,32.7767,-96.797,32.7767,-96.797,24.47
SKU_0005,Medical Device for SKU_0005,MDS,A,3,DC4,Medical Devices & Diagnostics,74,281,4,215,28,74,28,106,Week_1,1,20,0,0,None,DC,F1,Northwest Fulfillment Center - Seattle,Seattle,Northwest,47.6062,-122.3321,47.6062,-122.3321,16.31
SKU_0005,Medical Device for SKU_0005,MDS,A,3,DC4,Medical Devices & Diagnostics,74,281,4,215,28,74,28,106,Week_2,2,22,0,0,None,DC,F1,Northwest Fulfillment Center - Seattle,Seattle,Northwest,47.6062,-122.3321,47.6062,-122.3321,16.31
SKU_0005,Medical Device for SKU_0005,MDS,A,3,DC4,Medical Devices & Diagnostics,74,281,4,215,28,74,28,106,Week_3,3,22,0,0,None,DC,F1,Northwest Fulfillment Center - Seattle,Seattle,Northwest,47.6062,-122.3321,47.6062,-122.3321,16.31
SKU_0005,Medical Device for SKU_0005,MDS,A,3,DC4,Medical Devices & Diagnostics,74,281,4,215,28,74,28,106,Week_4,4,22,52,0,Confirmed,DC,F1,Northwest Fulfillment Center - Seattle,Seattle,Northwest,47.6062,-122.3321,47.6062,-122.3321,16.31
SKU_0005,Medical Device for SKU_0005,MDS,A,3,DC4,Medical Devices & Diagnostics,74,281,4,215,28,74,28,106,Week_5,5,17,129,0,Confirmed,DC,F1,Northwest Fulfillment Center - Seattle,Seattle,Northwest,47.6062,-122.3321,47.6062,-122.3321,16.31
SKU_0005,Medical Device for SKU_0005,MDS,A,3,DC4,Medical Devices & Diagnostics,74,281,4,215,28,74,28,106,Week_6,6,19,50,0,Confirmed,DC,F1,Northwest Fulfillment Center - Seattle,Seattle,Northwest,47.6062,-122.3321,47.6062,-122.3321,16.31
SKU_0005,Medical Device for SKU_0005,MDS,A,3,DC4,Medical Devices & Diagnostics,74,281,4,215,28,74,28,106,Week_7,7,18,35,0,Confirmed,DC,F1,Northwest Fulfillment Center - Seattle,Seattle,Northwest,47.6062,-122.3321,47.6062,-122.3321,16.31
SKU_0005,Medical Device for SKU_0005,MDS,A,3,DC4,Medical Devices & Diagnostics,74,281,4,215,28,74,28,106,Week_8,8,23,0,0,None,DC,F1,Northwest Fulfillment Center - Seattle,Seattle,Northwest,47.6062,-122.3321,47.6062,-122.3321,16.31
SKU_0005,Medical Device for SKU_0005,MDS,A,3,DC4,Medical Devices & Diagnostics,74,281,4,215,28,74,28,106,Week_9,9,13,0,0,None,DC,F1,Northwest Fulfillment Center - Seattle,Seattle,Northwest,47.6062,-122.3321,47.6062,-122.3321,16.31
SKU_0005,Medical Device for SKU_0005,MDS,A,3,DC4,Medical Devices & Diagnostics,74,281,4,215,28,74,28,106,Week_10,10,21,0,46,None,DC,F1,Northwest Fulfillment Center - Seattle,Seattle,Northwest,47.6062,-122.3321,47.6062,-122.3321,16.31
SKU_0005,Medical Device for SKU_0005,MDS,A,3,DC4,Medical Devices & Diagnostics,74,281,4,215,28,74,28,106,Week_11,11,20,120,0,Confirmed,DC,F1,Northwest Fulfillment Center - Seattle,Seattle,Northwest,47.6062,-122.3321,47.6062,-122.3321,16.31
SKU_0005,Medical Device for SKU_0005,MDS,A,3,DC4,Medical Devices & Diagnostics,74,281,4,215,28,74,28,106,Week_12,12,18,0,53,None,DC,F1,Northwest Fulfillment Center - Seattle,Seattle,Northwest,47.6062,-122.3321,47.6062,-122.3321,16.31
SKU_0005,Medical Device for SKU_0005,MDS,A,3,DC5,Medical Devices & Diagnostics,414,1382,3,471,28,310,21,93,Week_1,1,94,707,0,Confirmed,DC,F1,Southeast Distribution Center - Miami,Miami,Southeast,25.7617,-80.1918,25.7617,-80.1918,20.38
SKU_0005,Medical Device for SKU_0005,MDS,A,3,DC5,Medical Devices & Diagnostics,414,1382,3,471,28,310,21,93,Week_2,2,107,245,0,Confirmed,DC,F1,Southeast Distribution Center - Miami,Miami,Southeast,25.7617,-80.1918,25.7617,-80.1918,20.38
SKU_0005,Medical Device for SKU_0005,MDS,A,3,DC5,Medical Devices & Diagnostics,414,1382,3,471,28,310,21,93,Week_3,3,128,290,0,Confirmed,DC,F1,Southeast Distribution Center - Miami,Miami,Southeast,25.7617,-80.1918,25.7617,-80.1918,20.38
SKU_0005,Medical Device for SKU_0005,MDS,A,3,DC5,Medical Devices & Diagnostics,414,1382,3,471,28,310,21,93,Week_4,4,71,0,0,None,DC,F1,Southeast Distribution Center - Miami,Miami,Southeast,25.7617,-80.1918,25.7617,-80.1918,20.38
SKU_0005,Medical Device for SKU_0005,MDS,A,3,DC5,Medical Devices & Diagnostics,414,1382,3,471,28,310,21,93,Week_5,5,91,0,108,None,DC,F1,Southeast Distribution Center - Miami,Miami,Southeast,25.7617,-80.1918,25.7617,-80.1918,20.38
SKU_0005,Medical Device for SKU_0005,MDS,A,3,DC5,Medical Devices & Diagnostics,414,1382,3,471,28,310,21,93,Week_6,6,111,616,0,Confirmed,DC,F1,Southeast Distribution Center - Miami,Miami,Southeast,25.7617,-80.1918,25.7617,-80.1918,20.38
SKU_0005,Medical Device for SKU_0005,MDS,A,3,DC5,Medical Devices & Diagnostics,414,1382,3,471,28,310,21,93,Week_7,7,118,0,309,None,DC,F1,Southeast Distribution Center - Miami,Miami,Southeast,25.7617,-80.1918,25.7617,-80.1918,20.38
SKU_0005,Medical Device for SKU_0005,MDS,A,3,DC5,Medical Devices & Diagnostics,414,1382,3,471,28,310,21,93,Week_8,8,125,0,0,None,DC,F1,Southeast Distribution Center - Miami,Miami,Southeast,25.7617,-80.1918,25.7617,-80.1918,20.38
SKU_0005,Medical Device for SKU_0005,MDS,A,3,DC5,Medical Devices & Diagnostics,414,1382,3,471,28,310,21,93,Week_9,9,112,0,120,None,DC,F1,Southeast Distribution Center - Miami,Miami,Southeast,25.7617,-80.1918,25.7617,-80.1918,20.38
SKU_0005,Medical Device for SKU_0005,MDS,A,3,DC5,Medical Devices & Diagnostics,414,1382,3,471,28,310,21,93,Week_10,10,93,0,0,None,DC,F1,Southeast Distribution Center - Miami,Miami,Southeast,25.7617,-80.1918,25.7617,-80.1918,20.38
SKU_0005,Medical Device for SKU_0005,MDS,A,3,DC5,Medical Devices & Diagnostics,414,1382,3,471,28,310,21,93,Week_11,11,98,0,0,None,DC,F1,Southeast Distribution Center - Miami,Miami,Southeast,25.7617,-80.1918,25.7617,-80.1918,20.38
SKU_0005,Medical Device for SKU_0005,MDS,A,3,DC5,Medical Devices & Diagnostics,414,1382,3,471,28,310,21,93,Week_12,12,79,0,0,None,DC,F1,Southeast Distribution Center - Miami,Miami,Southeast,25.7617,-80.1918,25.7617,-80.1918,20.38
SKU_0005,Medical Device for SKU_0005,MDS,A,3,F1,Medical Devices & Diagnostics,1033,3086,4,1524,28,1033,28,84,Week_1,1,985,1871,0,Confirmed,Factory,F1,Midwest Manufacturing Hub - Detroit,Detroit,Midwest,42.3314,-83.0458,42.3314,-83.0458,33.27
SKU_0005,Medical Device for SKU_0005,MDS,A,3,F1,Medical Devices & Diagnostics,1033,3086,4,1524,28,1033,28,84,Week_2,2,290,890,0,Confirmed,Factory,F1,Midwest Manufacturing Hub - Detroit,Detroit,Midwest,42.3314,-83.0458,42.3314,-83.0458,33.27
SKU_0005,Medical Device for SKU_0005,MDS,A,3,F1,Medical Devices & Diagnostics,1033,3086,4,1524,28,1033,28,84,Week_3,3,198,0,706,None,Factory,F1,Midwest Manufacturing Hub - Detroit,Detroit,Midwest,42.3314,-83.0458,42.3314,-83.0458,33.27
SKU_0005,Medical Device for SKU_0005,MDS,A,3,F1,Medical Devices & Diagnostics,1033,3086,4,1524,28,1033,28,84,Week_4,4,354,0,0,None,Factory,F1,Midwest Manufacturing Hub - Detroit,Detroit,Midwest,42.3314,-83.0458,42.3314,-83.0458,33.27
SKU_0005,Medical Device for SKU_0005,MDS,A,3,F1,Medical Devices & Diagnostics,1033,3086,4,1524,28,1033,28,84,Week_5,5,1344,2110,0,Confirmed,Factory,F1,Midwest Manufacturing Hub - Detroit,Detroit,Midwest,42.3314,-83.0458,42.3314,-83.0458,33.27
SKU_0005,Medical Device for SKU_0005,MDS,A,3,F1,Medical Devices & Diagnostics,1033,3086,4,1524,28,1033,28,84,Week_6,6,80,621,0,Confirmed,Factory,F1,Midwest Manufacturing Hub - Detroit,Detroit,Midwest,42.3314,-83.0458,42.3314,-83.0458,33.27
SKU_0005,Medical Device for SKU_0005,MDS,A,3,F1,Medical Devices & Diagnostics,1033,3086,4,1524,28,1033,28,84,Week_7,7,678,595,0,Confirmed,Factory,F1,Midwest Manufacturing Hub - Detroit,Detroit,Midwest,42.3314,-83.0458,42.3314,-83.0458,33.27
SKU_0005,Medical Device for SKU_0005,MDS,A,3,F1,Medical Devices & Diagnostics,1033,3086,4,1524,28,1033,28,84,Week_8,8,135,2097,0,Confirmed,Factory,F1,Midwest Manufacturing Hub - Detroit,Detroit,Midwest,42.3314,-83.0458,42.3314,-83.0458,33.27
SKU_0005,Medical Device for SKU_0005,MDS,A,3,F1,Medical Devices & Diagnostics,1033,3086,4,1524,28,1033,28,84,Week_9,9,27,928,0,Confirmed,Factory,F1,Midwest Manufacturing Hub - Detroit,Detroit,Midwest,42.3314,-83.0458,42.3314,-83.0458,33.27
SKU_0005,Medical Device for SKU_0005,MDS,A,3,F1,Medical Devices & Diagnostics,1033,3086,4,1524,28,1033,28,84,Week_10,10,165,987,0,Confirmed,Factory,F1,Midwest Manufacturing Hub - Detroit,Detroit,Midwest,42.3314,-83.0458,42.3314,-83.0458,33.27
SKU_0005,Medical Device for SKU_0005,MDS,A,3,F1,Medical Devices & Diagnostics,1033,3086,4,1524,28,1033,28,84,Week_11,11,244,0,496,None,Factory,F1,Midwest Manufacturing Hub - Detroit,Detroit,Midwest,42.3314,-83.0458,42.3314,-83.0458,33.27
SKU_0005,Medical Device for SKU_0005,MDS,A,3,F1,Medical Devices & Diagnostics,1033,3086,4,1524,28,1033,28,84,Week_12,12,0,825,0,Confirmed,Factory,F1,Midwest Manufacturing Hub - Detroit,Detroit,Midwest,42.3314,-83.0458,42.3314,-83.0458,33.27
